,Quarter,NAV,ID
0,2013Q1,0.0,135793
1,2013Q2,0.0,135793
2,2013Q3,0.0,135793
3,2013Q4,0.0,135793
4,2014Q1,0.0,135793
5,2014Q2,0.0,135793
6,2014Q3,0.0,135793
7,2014Q4,0.0,135793
8,2015Q1,0.0,135793
9,2015Q2,0.0,135793
10,2015Q3,0.0,135793
11,2015Q4,0.000358155236401,135793
12,2016Q1,-0.0435160873024,135793
13,2016Q2,0.117844491424,135793
14,2016Q3,0.16590152177,135793
15,2016Q4,-0.010045465679,135793
16,2017Q1,0.0706701143315,135793
17,2017Q2,0.154462969528,135793
18,2017Q3,0.102892200288,135793
19,2017Q4,0.00666467298733,135793
0,2013Q1,0.0,135800
1,2013Q2,0.0,135800
2,2013Q3,0.0,135800
3,2013Q4,0.0,135800
4,2014Q1,0.0,135800
5,2014Q2,0.0,135800
6,2014Q3,0.0,135800
7,2014Q4,0.0,135800
8,2015Q1,0.0,135800
9,2015Q2,0.0,135800
10,2015Q3,0.0,135800
11,2015Q4,-0.00100095818348,135800
12,2016Q1,0.00175655265221,135800
13,2016Q2,0.0351314619983,135800
14,2016Q3,-0.0570217175895,135800
15,2016Q4,-0.0554343463528,135800
16,2017Q1,0.0262217709602,135800
17,2017Q2,-0.000730628792913,135800
18,2017Q3,0.0377191831665,135800
19,2017Q4,0.0822235880877,135800
0,2013Q1,-0.0263129322179,100664
1,2013Q2,-0.00415924241399,100664
2,2013Q3,-0.0113656902969,100664
3,2013Q4,0.0597090894547,100664
4,2014Q1,0.0356262576707,100664
5,2014Q2,0.115715606309,100664
6,2014Q3,0.126587254555,100664
7,2014Q4,0.0745612515436,100664
8,2015Q1,0.0864720006794,100664
9,2015Q2,-0.0150622643529,100664
10,2015Q3,0.00698899868486,100664
11,2015Q4,-0.0341141656422,100664
12,2016Q1,-0.080839771765,100664
13,2016Q2,0.0708335472716,100664
14,2016Q3,0.0901593616774,100664
15,2016Q4,-0.0270258927928,100664
16,2017Q1,0.0437053886177,100664
17,2017Q2,0.0928561009506,100664
18,2017Q3,0.0405399024252,100664
19,2017Q4,0.0517603904615,100664
0,2013Q1,-0.0511836858422,102401
1,2013Q2,-0.0243491848444,102401
2,2013Q3,-0.187507038549,102401
3,2013Q4,0.0671787291321,102401
4,2014Q1,0.00880724981179,102401
5,2014Q2,0.235364713812,102401
6,2014Q3,0.0927572734043,102401
7,2014Q4,0.109665713224,102401
8,2015Q1,0.0841877476765,102401
9,2015Q2,-0.0586480593933,102401
10,2015Q3,0.00114979557995,102401
11,2015Q4,-0.0460687113439,102401
12,2016Q1,-0.11652421642,102401
13,2016Q2,0.13175944232,102401
14,2016Q3,0.158487880699,102401
15,2016Q4,-0.0148686997147,102401
16,2017Q1,0.050655153009,102401
17,2017Q2,0.124797667508,102401
18,2017Q3,0.0817126929723,102401
19,2017Q4,0.0262604945723,102401
0,2013Q1,0.084600877238,103168
1,2013Q2,-0.0505427948638,103168
2,2013Q3,0.160601897414,103168
3,2013Q4,0.140665293807,103168
4,2014Q1,0.0781871846109,103168
5,2014Q2,-0.0253548770821,103168
6,2014Q3,0.132551596819,103168
7,2014Q4,0.0679492663551,103168
8,2015Q1,0.0749756302722,103168
9,2015Q2,-0.0471343679432,103168
10,2015Q3,0.0280360635846,103168
11,2015Q4,0.033140954153,103168
12,2016Q1,-0.0427178142973,103168
13,2016Q2,0.0605987282202,103168
14,2016Q3,-0.0344302606509,103168
15,2016Q4,-0.036159647236,103168
16,2017Q1,0.032905388135,103168
17,2017Q2,0.00268647137153,103168
18,2017Q3,0.0353766129274,103168
19,2017Q4,0.0882537993412,103168
0,2013Q1,,120577
1,2013Q2,,120577
2,2013Q3,0.165241099748,120577
3,2013Q4,0.140839681246,120577
4,2014Q1,0.0991744929629,120577
5,2014Q2,-0.0401702148811,120577
6,2014Q3,0.145184941919,120577
7,2014Q4,0.0998472593544,120577
8,2015Q1,0.0838005162474,120577
9,2015Q2,-0.0615704171481,120577
10,2015Q3,0.00535462548034,120577
11,2015Q4,0.00935587275974,120577
12,2016Q1,-0.0368965506771,120577
13,2016Q2,0.0339784861474,120577
14,2016Q3,-0.00334447232015,120577
15,2016Q4,-0.0469054453794,120577
16,2017Q1,0.0192549787784,120577
17,2017Q2,-0.0183837137841,120577
18,2017Q3,0.0124609226647,120577
19,2017Q4,0.0624891183751,120577
0,2013Q1,0.0,135796
1,2013Q2,0.0,135796
2,2013Q3,0.0,135796
3,2013Q4,0.0,135796
4,2014Q1,0.0,135796
5,2014Q2,0.0,135796
6,2014Q3,0.0,135796
7,2014Q4,0.0,135796
8,2015Q1,0.0,135796
9,2015Q2,0.0,135796
10,2015Q3,0.0,135796
11,2015Q4,-0.00104435959707,135796
12,2016Q1,-0.000460480161968,135796
13,2016Q2,0.0309182055265,135796
14,2016Q3,-0.0610402230472,135796
15,2016Q4,-0.0596813738193,135796
16,2017Q1,0.0219887975225,135796
17,2017Q2,-0.00541040045189,135796
18,2017Q3,0.0332671102305,135796
19,2017Q4,0.0777186004172,135796
0,2013Q1,-0.0208732447062,115242
1,2013Q2,-0.0300791119314,115242
2,2013Q3,0.0130180372673,115242
3,2013Q4,0.0431881344257,115242
4,2014Q1,0.00589790950337,115242
5,2014Q2,0.0661404970766,115242
6,2014Q3,-0.0103255235755,115242
7,2014Q4,0.00953996604714,115242
8,2015Q1,0.0357545250506,115242
9,2015Q2,-0.0281517535216,115242
10,2015Q3,-0.0106870463111,115242
11,2015Q4,-0.0255144616734,115242
12,2016Q1,-0.0271998350157,115242
13,2016Q2,0.0527608548074,115242
14,2016Q3,0.056703139564,115242
15,2016Q4,-0.0817768662672,115242
16,2017Q1,-0.0213897097501,115242
17,2017Q2,0.012433694725,115242
18,2017Q3,-0.00894604001272,115242
19,2017Q4,0.0243556049969,115242
0,2013Q1,-0.0269089177508,120587
1,2013Q2,0.0667682472402,120587
2,2013Q3,0.028788415357,120587
3,2013Q4,0.00838744206548,120587
4,2014Q1,0.0154948442823,120587
5,2014Q2,0.0554637805719,120587
6,2014Q3,0.0745147169881,120587
7,2014Q4,0.100198381239,120587
8,2015Q1,0.0839012343218,120587
9,2015Q2,-0.0134971723484,120587
10,2015Q3,0.0130693708608,120587
11,2015Q4,0.0102068688245,120587
12,2016Q1,-0.0529868212273,120587
13,2016Q2,0.0646002600055,120587
14,2016Q3,0.0993963632297,120587
15,2016Q4,-0.0576421390521,120587
16,2017Q1,0.0528947466859,120587
17,2017Q2,0.103926480774,120587
18,2017Q3,0.0537717459585,120587
19,2017Q4,0.0360051020111,120587
0,2013Q1,-0.00577440761476,103504
1,2013Q2,-0.00809409544241,103504
2,2013Q3,-0.0396103504637,103504
3,2013Q4,0.0831995143375,103504
4,2014Q1,0.0445942653543,103504
5,2014Q2,0.125185941956,103504
6,2014Q3,0.143553489771,103504
7,2014Q4,0.0769226306669,103504
8,2015Q1,0.0888524590988,103504
9,2015Q2,0.0058509281516,103504
10,2015Q3,0.0155981042585,103504
11,2015Q4,-0.013127547819,103504
12,2016Q1,-0.0446562842375,103504
13,2016Q2,0.0758362872828,103504
14,2016Q3,0.0889048620476,103504
15,2016Q4,-0.0249371079176,103504
16,2017Q1,0.030958845371,103504
17,2017Q2,0.0804526717613,103504
18,2017Q3,0.0494646807988,103504
19,2017Q4,0.0332990428269,103504
0,2013Q1,-0.031135568875,100806
1,2013Q2,0.068121897351,100806
2,2013Q3,0.0519444029101,100806
3,2013Q4,0.0704417792477,100806
4,2014Q1,0.0693602568996,100806
5,2014Q2,0.0233108741603,100806
6,2014Q3,0.184990337707,100806
7,2014Q4,0.109193945056,100806
8,2015Q1,0.089278113032,100806
9,2015Q2,0.0495597164146,100806
10,2015Q3,0.032549871389,100806
11,2015Q4,-0.0178618544846,100806
12,2016Q1,-0.0763576418947,100806
13,2016Q2,-0.0229935483811,100806
14,2016Q3,0.0698784724512,100806
15,2016Q4,-0.0349694537668,100806
16,2017Q1,-0.02829111608,100806
17,2017Q2,-0.0306545944524,100806
18,2017Q3,-0.0249168175538,100806
19,2017Q4,0.032831556835,100806
0,2013Q1,-0.0140495322703,103174
1,2013Q2,-0.0106774664026,103174
2,2013Q3,-0.0227526974341,103174
3,2013Q4,0.089058837096,103174
4,2014Q1,0.0318105039847,103174
5,2014Q2,0.151843086851,103174
6,2014Q3,0.119807703566,103174
7,2014Q4,0.0701831410921,103174
8,2015Q1,0.0802174882106,103174
9,2015Q2,-0.0197845844095,103174
10,2015Q3,0.0061407536211,103174
11,2015Q4,-0.0251614105342,103174
12,2016Q1,-0.058315711547,103174
13,2016Q2,0.0736912521874,103174
14,2016Q3,0.106564926167,103174
15,2016Q4,-0.0229176304769,103174
16,2017Q1,0.0441539090589,103174
17,2017Q2,0.0791500125214,103174
18,2017Q3,0.0561097135292,103174
19,2017Q4,0.0305482761319,103174
0,2013Q1,-0.0494561852801,118759
1,2013Q2,0.0496275135624,118759
2,2013Q3,0.0275166941526,118759
3,2013Q4,0.0760409124206,118759
4,2014Q1,0.10887007858,118759
5,2014Q2,0.0389082674688,118759
6,2014Q3,0.17954168626,118759
7,2014Q4,0.135949061928,118759
8,2015Q1,0.0695218662732,118759
9,2015Q2,0.0261495856908,118759
10,2015Q3,0.0814867692283,118759
11,2015Q4,0.0366442230198,118759
12,2016Q1,-0.089836267744,118759
13,2016Q2,-0.0324244535425,118759
14,2016Q3,0.0717214691103,118759
15,2016Q4,0.00109003581774,118759
16,2017Q1,-0.0498157334593,118759
17,2017Q2,-0.0388497901123,118759
18,2017Q3,-0.00938279622263,118759
19,2017Q4,0.0636537423695,118759
0,2013Q1,-0.00828439926587,108466
1,2013Q2,-0.0141041888977,108466
2,2013Q3,-0.0042884413985,108466
3,2013Q4,0.0877570648064,108466
4,2014Q1,0.0265644173666,108466
5,2014Q2,0.135177621594,108466
6,2014Q3,0.11946344982,108466
7,2014Q4,0.0679781894295,108466
8,2015Q1,0.0627355609571,108466
9,2015Q2,-0.0273744133684,108466
10,2015Q3,0.00257454479626,108466
11,2015Q4,-0.0208710621733,108466
12,2016Q1,-0.0693098063277,108466
13,2016Q2,0.0713832715192,108466
14,2016Q3,0.105328407707,108466
15,2016Q4,-0.0148771753153,108466
16,2017Q1,0.0503024717113,108466
17,2017Q2,0.0709027109389,108466
18,2017Q3,0.0583255579462,108466
19,2017Q4,0.0530702305676,108466
0,2013Q1,-0.0268350644868,120588
1,2013Q2,0.0667309966793,120588
2,2013Q3,0.028757309175,120588
3,2013Q4,0.00840233672274,120588
4,2014Q1,0.0154455391329,120588
5,2014Q2,0.0555070015156,120588
6,2014Q3,0.0744964952846,120588
7,2014Q4,0.100197057154,120588
8,2015Q1,0.0838917799301,120588
9,2015Q2,-0.0135571480736,120588
10,2015Q3,0.0130626321023,120588
11,2015Q4,0.0101930348824,120588
12,2016Q1,-0.0530029779881,120588
13,2016Q2,0.0645753841148,120588
14,2016Q3,0.0993998610528,120588
15,2016Q4,-0.0576320924436,120588
16,2017Q1,-0.00106357809279,120588
17,2017Q2,0.10271089406,120588
18,2017Q3,0.0537754489834,120588
19,2017Q4,0.0360062000737,120588
0,2013Q1,-0.115095639141,102433
1,2013Q2,0.036063837747,102433
2,2013Q3,0.0258019196631,102433
3,2013Q4,0.0743992568649,102433
4,2014Q1,0.0645349991637,102433
5,2014Q2,-0.00975299610837,102433
6,2014Q3,0.17771675672,102433
7,2014Q4,0.134056799014,102433
8,2015Q1,0.00409646037977,102433
9,2015Q2,-0.0114739972706,102433
10,2015Q3,0.0795851442888,102433
11,2015Q4,0.0342618233891,102433
12,2016Q1,-0.119505826395,102433
13,2016Q2,-0.111040686063,102433
14,2016Q3,0.0694687101003,102433
15,2016Q4,-0.00109160397361,102433
16,2017Q1,-0.0830534781972,102433
17,2017Q2,-0.117780871932,102433
18,2017Q3,-0.0116276212153,102433
19,2017Q4,0.0612979903523,102433
0,2013Q1,,120578
1,2013Q2,,120578
2,2013Q3,0.166977619431,120578
3,2013Q4,0.14196796254,120578
4,2014Q1,0.100211449805,120578
5,2014Q2,-0.038811443228,120578
6,2014Q3,0.146875867918,120578
7,2014Q4,0.101855802568,120578
8,2015Q1,0.0858849529571,120578
9,2015Q2,-0.0579197953308,120578
10,2015Q3,0.00828202111605,120578
11,2015Q4,0.0121066096208,120578
12,2016Q1,-0.0346260854147,120578
13,2016Q2,0.0356049399816,120578
14,2016Q3,-0.00133352295644,120578
15,2016Q4,-0.045053484712,120578
16,2017Q1,0.0201655030241,120578
17,2017Q2,-0.0168872886496,120578
18,2017Q3,0.0139561916558,120578
19,2017Q4,0.0640612333661,120578
0,2013Q1,-0.00181946139947,101295
1,2013Q2,-0.0142298520506,101295
2,2013Q3,-0.0353993657071,101295
3,2013Q4,0.0726082741502,101295
4,2014Q1,0.0257466944345,101295
5,2014Q2,0.0400590246629,101295
6,2014Q3,0.0741897077802,101295
7,2014Q4,0.0736323191032,101295
8,2015Q1,0.0780386420903,101295
9,2015Q2,-0.14899621248,101295
10,2015Q3,-0.0366250312081,101295
11,2015Q4,-0.0107159773997,101295
12,2016Q1,-0.0601219569089,101295
13,2016Q2,-0.0331011784122,101295
14,2016Q3,0.0511966059454,101295
15,2016Q4,-0.0219083894549,101295
16,2017Q1,0.0135314234069,101295
17,2017Q2,0.0512958095357,101295
18,2017Q3,0.000155694288474,101295
19,2017Q4,0.026634270334,101295
0,2013Q1,0.0,125598
1,2013Q2,0.0,125598
2,2013Q3,0.0,125598
3,2013Q4,0.00106468778063,125598
4,2014Q1,-0.0008999509568,125598
5,2014Q2,0.191712595091,125598
6,2014Q3,-0.0301798741507,125598
7,2014Q4,0.103565619068,125598
8,2015Q1,0.135068494978,125598
9,2015Q2,-0.0363606562356,125598
10,2015Q3,0.0184924916001,125598
11,2015Q4,-0.034263885821,125598
12,2016Q1,-0.0577827921773,125598
13,2016Q2,0.139006214925,125598
14,2016Q3,0.186118891135,125598
15,2016Q4,-0.031676312593,125598
16,2017Q1,0.0614514896767,125598
17,2017Q2,0.133753221083,125598
18,2017Q3,0.0973676310007,125598
19,2017Q4,0.0274525818736,125598
0,2013Q1,-0.0162803562377,119783
1,2013Q2,0.0684586297755,119783
2,2013Q3,0.0527655697388,119783
3,2013Q4,0.0886207474695,119783
4,2014Q1,0.0860435216083,119783
5,2014Q2,0.0314967227173,119783
6,2014Q3,0.210114194181,119783
7,2014Q4,0.128903813159,119783
8,2015Q1,0.100201737978,119783
9,2015Q2,0.0961807475544,119783
10,2015Q3,0.0581219257431,119783
11,2015Q4,0.0268047040638,119783
12,2016Q1,-0.0763516819978,119783
13,2016Q2,-0.0107588755223,119783
14,2016Q3,0.0552416128545,119783
15,2016Q4,-0.0339680039772,119783
16,2017Q1,-0.0230903559727,119783
17,2017Q2,-0.0435167086284,119783
18,2017Q3,-0.0345687648711,119783
19,2017Q4,0.0286335036606,119783
0,2013Q1,0.0,130496
1,2013Q2,0.0,130496
2,2013Q3,0.0,130496
3,2013Q4,0.0,130496
4,2014Q1,0.0,130496
5,2014Q2,0.0,130496
6,2014Q3,0.0232771814429,130496
7,2014Q4,0.0452744971227,130496
8,2015Q1,0.0405383661786,130496
9,2015Q2,-0.020467124951,130496
10,2015Q3,-0.0120383550557,130496
11,2015Q4,-0.0353701756964,130496
12,2016Q1,-0.0897341369375,130496
13,2016Q2,0.0704589116052,130496
14,2016Q3,0.0841074034977,130496
15,2016Q4,-0.0196179629508,130496
16,2017Q1,0.0457862531238,130496
17,2017Q2,0.0854596167503,130496
18,2017Q3,0.0366989228583,130496
19,2017Q4,0.0382366992744,130496
0,2013Q1,-0.0135965712385,120585
1,2013Q2,-0.012482719571,120585
2,2013Q3,-0.0024778032576,120585
3,2013Q4,0.0896803762672,120585
4,2014Q1,0.0285894094903,120585
5,2014Q2,0.137159179015,120585
6,2014Q3,0.12137814174,120585
7,2014Q4,0.0698727473103,120585
8,2015Q1,-0.00110900503007,120585
9,2015Q2,-0.0423894289394,120585
10,2015Q3,0.00497857462884,120585
11,2015Q4,-0.0181717987013,120585
12,2016Q1,-0.0665682097339,120585
13,2016Q2,0.0735966926193,120585
14,2016Q3,0.107783323159,120585
15,2016Q4,-0.0123831765391,120585
16,2017Q1,0.0205579750375,120585
17,2017Q2,0.0620876231974,120585
18,2017Q3,0.0607306565793,120585
19,2017Q4,0.055494386662,120585
0,2013Q1,-0.0112770752021,119598
1,2013Q2,-0.00707385365909,119598
2,2013Q3,-0.0383960506396,119598
3,2013Q4,0.0844909216045,119598
4,2014Q1,0.0459683823508,119598
5,2014Q2,0.126693500666,119598
6,2014Q3,0.145120136241,119598
7,2014Q4,0.0783137843903,119598
8,2015Q1,0.0904734108873,119598
9,2015Q2,0.00810690744068,119598
10,2015Q3,0.0175292108291,119598
11,2015Q4,-0.0105975244043,119598
12,2016Q1,-0.0412967950396,119598
13,2016Q2,0.0794542446957,119598
14,2016Q3,0.0916531834614,119598
15,2016Q4,-0.0222353310362,119598
16,2017Q1,0.033673080681,119598
17,2017Q2,0.0832301465643,119598
18,2017Q3,0.0523495766895,119598
19,2017Q4,0.0361831431706,119598
0,2013Q1,0.0,135807
1,2013Q2,0.0,135807
2,2013Q3,0.0,135807
3,2013Q4,0.0,135807
4,2014Q1,0.0,135807
5,2014Q2,0.0,135807
6,2014Q3,0.0,135807
7,2014Q4,0.0,135807
8,2015Q1,0.0,135807
9,2015Q2,0.0,135807
10,2015Q3,0.0,135807
11,2015Q4,-0.000332288506974,135807
12,2016Q1,-0.024064098957,135807
13,2016Q2,-0.0400059358404,135807
14,2016Q3,0.0402254681256,135807
15,2016Q4,-0.0525596977054,135807
16,2017Q1,-0.0299808151712,135807
17,2017Q2,0.0125927360707,135807
18,2017Q3,-0.0555762254837,135807
19,2017Q4,0.025783182271,135807
0,2013Q1,0.0,140448
1,2013Q2,0.0,140448
2,2013Q3,0.0,140448
3,2013Q4,0.0,140448
4,2014Q1,0.0,140448
5,2014Q2,0.0,140448
6,2014Q3,0.0,140448
7,2014Q4,0.0,140448
8,2015Q1,0.0,140448
9,2015Q2,0.0,140448
10,2015Q3,0.0,140448
11,2015Q4,0.0,140448
12,2016Q1,0.0,140448
13,2016Q2,0.0,140448
14,2016Q3,0.0,140448
15,2016Q4,0.0,140448
16,2017Q1,0.0512676006766,140448
17,2017Q2,0.067292205033,140448
18,2017Q3,0.045354648314,140448
19,2017Q4,0.0499862000565,140448
0,2013Q1,0.120611827468,119731
1,2013Q2,-0.0571033321336,119731
2,2013Q3,0.165600787663,119731
3,2013Q4,0.141819266087,119731
4,2014Q1,0.100214828024,119731
5,2014Q2,-0.0388027164681,119731
6,2014Q3,0.146833583293,119731
7,2014Q4,0.101766514781,119731
8,2015Q1,0.0858838173598,119731
9,2015Q2,-0.0664847331075,119731
10,2015Q3,-0.147888582057,119731
11,2015Q4,0.0108097563398,119731
12,2016Q1,-0.0346197740305,119731
13,2016Q2,0.0356095165693,119731
14,2016Q3,-0.00118635717332,119731
15,2016Q4,-0.0449862574643,119731
16,2017Q1,0.0201228132432,119731
17,2017Q2,-0.0169237503892,119731
18,2017Q3,0.0139794649662,119731
19,2017Q4,0.0641287618466,119731
0,2013Q1,-0.0257152732836,100352
1,2013Q2,0.065083226182,100352
2,2013Q3,0.026953010458,100352
3,2013Q4,0.00677402246114,100352
4,2014Q1,0.0140978855444,100352
5,2014Q2,0.0539683347885,100352
6,2014Q3,0.0732725782328,100352
7,2014Q4,0.098955828634,100352
8,2015Q1,0.082366111708,100352
9,2015Q2,-0.015173417325,100352
10,2015Q3,0.0114089003368,100352
11,2015Q4,0.0084725086713,100352
12,2016Q1,-0.0550892846942,100352
13,2016Q2,0.0623654649328,100352
14,2016Q3,0.0974785313594,100352
15,2016Q4,-0.0593655205565,100352
16,2017Q1,0.0515356169975,100352
17,2017Q2,0.102979416108,100352
18,2017Q3,0.0519406772094,100352
19,2017Q4,0.0340561961459,100352
0,2013Q1,-0.060042850484,120733
1,2013Q2,-0.0216566196735,120733
2,2013Q3,-0.184952316893,120733
3,2013Q4,0.0695095003496,120733
4,2014Q1,0.0109836260605,120733
5,2014Q2,0.237300087772,120733
6,2014Q3,0.0948393869684,120733
7,2014Q4,0.11202808844,120733
8,2015Q1,0.0867426286807,120733
9,2015Q2,-0.056157938676,120733
10,2015Q3,0.00366076557252,120733
11,2015Q4,-0.0435265905153,120733
12,2016Q1,-0.113962085436,120733
13,2016Q2,0.134148785987,120733
14,2016Q3,0.161082337472,120733
15,2016Q4,-0.0120589563798,120733
16,2017Q1,0.0534124058147,120733
17,2017Q2,0.127614402023,120733
18,2017Q3,0.0845912463884,120733
19,2017Q4,0.0291317453145,120733
0,2013Q1,-0.016632333167,102823
1,2013Q2,0.0666500339452,102823
2,2013Q3,0.0508401697835,102823
3,2013Q4,0.0868660142563,102823
4,2014Q1,0.0843474586322,102823
5,2014Q2,0.0294915163877,102823
6,2014Q3,0.207768133712,102823
7,2014Q4,0.126409460378,102823
8,2015Q1,0.0975591448212,102823
9,2015Q2,0.0927197005314,102823
10,2015Q3,0.0547437674874,102823
11,2015Q4,0.0235620334147,102823
12,2016Q1,-0.0796277555326,102823
13,2016Q2,-0.013888305197,102823
14,2016Q3,0.0519874554325,102823
15,2016Q4,-0.0370712492975,102823
16,2017Q1,-0.0258894383927,102823
17,2017Q2,-0.0464024851163,102823
18,2017Q3,-0.0374396624172,102823
19,2017Q4,0.0254771459196,102823
0,2013Q1,-0.0557669047842,120245
1,2013Q2,-0.0193885878703,120245
2,2013Q3,-0.13192216391,120245
3,2013Q4,0.0991346640419,120245
4,2014Q1,0.0139571033897,120245
5,2014Q2,0.254531655479,120245
6,2014Q3,0.127863927492,120245
7,2014Q4,0.108010806936,120245
8,2015Q1,0.096072391058,120245
9,2015Q2,-0.0594638267853,120245
10,2015Q3,0.0283487627748,120245
11,2015Q4,-0.0500421019669,120245
12,2016Q1,-0.112371734899,120245
13,2016Q2,0.128104716863,120245
14,2016Q3,0.207425954284,120245
15,2016Q4,0.0103626102439,120245
16,2017Q1,0.04666139041,120245
17,2017Q2,0.108294299627,120245
18,2017Q3,0.0783371212963,120245
19,2017Q4,0.0217280184799,120245
0,2013Q1,0.0,135794
1,2013Q2,0.0,135794
2,2013Q3,0.0,135794
3,2013Q4,0.0,135794
4,2014Q1,0.0,135794
5,2014Q2,0.0,135794
6,2014Q3,0.0,135794
7,2014Q4,0.0,135794
8,2015Q1,0.0,135794
9,2015Q2,0.0,135794
10,2015Q3,0.0,135794
11,2015Q4,0.000295162005706,135794
12,2016Q1,-0.0459483685839,135794
13,2016Q2,0.113456611201,135794
14,2016Q3,0.161329053612,135794
15,2016Q4,-0.0143796273913,135794
16,2017Q1,0.0665158888034,135794
17,2017Q2,0.150045987588,135794
18,2017Q3,0.0986675023846,135794
19,2017Q4,0.00278060734427,135794
0,2013Q1,0.0,140452
1,2013Q2,0.0,140452
2,2013Q3,0.0,140452
3,2013Q4,0.0,140452
4,2014Q1,0.0,140452
5,2014Q2,0.0,140452
6,2014Q3,0.0,140452
7,2014Q4,0.0,140452
8,2015Q1,0.0,140452
9,2015Q2,0.0,140452
10,2015Q3,0.0,140452
11,2015Q4,0.0,140452
12,2016Q1,0.0,140452
13,2016Q2,0.0,140452
14,2016Q3,0.0,140452
15,2016Q4,0.0,140452
16,2017Q1,0.0505192289643,140452
17,2017Q2,0.0657574248435,140452
18,2017Q3,0.0438669130513,140452
19,2017Q4,0.0483392119299,140452
0,2013Q1,-0.0479758964666,108465
1,2013Q2,-0.0315551406481,108465
2,2013Q3,-0.00431542597812,108465
3,2013Q4,0.0877409298075,108465
4,2014Q1,-0.032812362238,108465
5,2014Q2,0.110313555609,108465
6,2014Q3,0.119474601499,108465
7,2014Q4,0.0679555216933,108465
8,2015Q1,-0.0150329689055,108465
9,2015Q2,-0.0477360632142,108465
10,2015Q3,0.00260331445157,108465
11,2015Q4,-0.0208623899468,108465
12,2016Q1,-0.136619135107,108465
13,2016Q2,0.055950750732,108465
14,2016Q3,0.105304833568,108465
15,2016Q4,-0.0148478278711,108465
16,2017Q1,-0.0221949781924,108465
17,2017Q2,0.0466373378976,108465
18,2017Q3,0.058319528786,108465
19,2017Q4,0.0531090016175,108465
0,2013Q1,0.0,135790
1,2013Q2,0.0,135790
2,2013Q3,0.0,135790
3,2013Q4,0.0,135790
4,2014Q1,0.0,135790
5,2014Q2,0.0,135790
6,2014Q3,0.0,135790
7,2014Q4,0.0,135790
8,2015Q1,0.0,135790
9,2015Q2,0.0,135790
10,2015Q3,0.0,135790
11,2015Q4,0.000295162005706,135790
12,2016Q1,-0.0459483685839,135790
13,2016Q2,0.113456611201,135790
14,2016Q3,0.161329053612,135790
15,2016Q4,-0.0143796273913,135790
16,2017Q1,0.0665158888034,135790
17,2017Q2,0.150045987588,135790
18,2017Q3,0.0986675023846,135790
19,2017Q4,0.00278060734427,135790
0,2013Q1,-0.0151590237259,100475
1,2013Q2,-0.0117755831649,100475
2,2013Q3,0.00172440568223,100475
3,2013Q4,0.0685599611894,100475
4,2014Q1,0.0245622639351,100475
5,2014Q2,0.109767404986,100475
6,2014Q3,0.110214107652,100475
7,2014Q4,0.0561601662904,100475
8,2015Q1,0.0790784115719,100475
9,2015Q2,-0.0223104062334,100475
10,2015Q3,0.0171911028612,100475
11,2015Q4,-0.0306886547117,100475
12,2016Q1,-0.065482094007,100475
13,2016Q2,0.0625686431277,100475
14,2016Q3,0.0908566429823,100475
15,2016Q4,-0.0267474555692,100475
16,2017Q1,0.033534704513,100475
17,2017Q2,0.0773710253882,100475
18,2017Q3,0.0498872461843,100475
19,2017Q4,0.0353239848267,100475
0,2013Q1,-0.00192350110623,104523
1,2013Q2,-0.0142223681965,104523
2,2013Q3,-0.0354113849944,104523
3,2013Q4,0.0726298255055,104523
4,2014Q1,0.0257745266367,104523
5,2014Q2,0.128483472488,104523
6,2014Q3,0.119369008244,104523
7,2014Q4,0.0736368038406,104523
8,2015Q1,0.07804147624,104523
9,2015Q2,-0.019634291964,104523
10,2015Q3,0.00666885888201,104523
11,2015Q4,-0.0107036684493,104523
12,2016Q1,-0.0601212631376,104523
13,2016Q2,0.0718608800075,104523
14,2016Q3,0.0973357130901,104523
15,2016Q4,-0.021893718646,104523
16,2017Q1,0.0135526918352,104523
17,2017Q2,0.0733511367407,104523
18,2017Q3,0.0403859229086,104523
19,2017Q4,0.0266314110366,104523
0,2013Q1,-0.016701169742,100644
1,2013Q2,0.0666634499095,100644
2,2013Q3,0.0508572344727,100644
3,2013Q4,0.0868069621213,100644
4,2014Q1,0.084333691071,100644
5,2014Q2,0.0295535240222,100644
6,2014Q3,0.207877096714,100644
7,2014Q4,0.126407376657,100644
8,2015Q1,0.028689939599,100644
9,2015Q2,0.0591871020836,100644
10,2015Q3,0.0547131088511,100644
11,2015Q4,0.0235527917855,100644
12,2016Q1,-0.0796184148306,100644
13,2016Q2,-0.0138872232808,100644
14,2016Q3,0.0519835617068,100644
15,2016Q4,-0.0370749690764,100644
16,2017Q1,-0.0258870871886,100644
17,2017Q2,-0.0464006717392,100644
18,2017Q3,-0.0373993568697,100644
19,2017Q4,0.0254804565557,100644
0,2013Q1,-0.071664794224,103308
1,2013Q2,-0.0475268872461,103308
2,2013Q3,-0.0812398800027,103308
3,2013Q4,0.10502877706,103308
4,2014Q1,-0.00420024732277,103308
5,2014Q2,0.145747793412,103308
6,2014Q3,0.0735115117771,103308
7,2014Q4,0.0751846569297,103308
8,2015Q1,0.0378322673434,103308
9,2015Q2,-0.0369197204465,103308
10,2015Q3,-0.0799389469501,103308
11,2015Q4,-0.056591753447,103308
12,2016Q1,-0.0646278577338,103308
13,2016Q2,0.0682540388296,103308
14,2016Q3,0.039950542609,103308
15,2016Q4,-0.03878837293,103308
16,2017Q1,0.0505739697195,103308
17,2017Q2,0.0743379946456,103308
18,2017Q3,-0.0111937147399,103308
19,2017Q4,0.000432081174952,103308
0,2013Q1,-0.0274051853225,119572
1,2013Q2,-0.0294151030696,119572
2,2013Q3,0.0136938785327,119572
3,2013Q4,0.0438238933049,119572
4,2014Q1,0.00685351704378,119572
5,2014Q2,0.0730098287686,119572
6,2014Q3,0.0605651242603,119572
7,2014Q4,0.0219969103971,119572
8,2015Q1,0.0374692335401,119572
9,2015Q2,-0.0263541456777,119572
10,2015Q3,-0.00907913869983,119572
11,2015Q4,-0.0236617486597,119572
12,2016Q1,-0.0255494958437,119572
13,2016Q2,0.0543616215153,119572
14,2016Q3,0.0685553340752,119572
15,2016Q4,-0.0398860755691,119572
16,2017Q1,0.0240319367025,119572
17,2017Q2,0.0513520802121,119572
18,2017Q3,0.0312669501724,119572
19,2017Q4,0.0323024307748,119572
0,2013Q1,0.0,135812
1,2013Q2,0.0,135812
2,2013Q3,0.0,135812
3,2013Q4,0.0,135812
4,2014Q1,0.0,135812
5,2014Q2,0.0,135812
6,2014Q3,0.0,135812
7,2014Q4,0.0,135812
8,2015Q1,0.0,135812
9,2015Q2,0.0,135812
10,2015Q3,0.0,135812
11,2015Q4,-0.000382150139988,135812
12,2016Q1,-0.0262542404068,135812
13,2016Q2,-0.044180754141,135812
14,2016Q3,0.0360919912459,135812
15,2016Q4,-0.0571753166066,135812
16,2017Q1,-0.034553814537,135812
17,2017Q2,0.00869577775328,135812
18,2017Q3,-0.059264769582,135812
19,2017Q4,0.0214699569355,135812
0,2013Q1,0.0,133860
1,2013Q2,0.0,133860
2,2013Q3,0.0,133860
3,2013Q4,0.0,133860
4,2014Q1,0.0,133860
5,2014Q2,0.0,133860
6,2014Q3,0.0,133860
7,2014Q4,0.0,133860
8,2015Q1,-0.041974096317,133860
9,2015Q2,-0.0624983723069,133860
10,2015Q3,-0.00584102562552,133860
11,2015Q4,-0.0233322224599,133860
12,2016Q1,-0.0707039839965,133860
13,2016Q2,0.133926418967,133860
14,2016Q3,0.161665999317,133860
15,2016Q4,-0.0123900918001,133860
16,2017Q1,0.0352622149136,133860
17,2017Q2,0.126787229135,133860
18,2017Q3,0.0845870706296,133860
19,2017Q4,0.0193592528558,133860
0,2013Q1,0.0,130497
1,2013Q2,0.0,130497
2,2013Q3,0.0,130497
3,2013Q4,0.0,130497
4,2014Q1,0.0,130497
5,2014Q2,0.0,130497
6,2014Q3,0.023293288519,130497
7,2014Q4,0.0452691290797,130497
8,2015Q1,0.00389462116277,130497
9,2015Q2,-0.0841096837826,130497
10,2015Q3,-0.0120435701923,130497
11,2015Q4,-0.0353704560834,130497
12,2016Q1,-0.133772384411,130497
13,2016Q2,0.0190593512069,130497
14,2016Q3,0.0841064012035,130497
15,2016Q4,-0.019617745183,130497
16,2017Q1,0.00669883534705,130497
17,2017Q2,0.0170314948945,130497
18,2017Q3,0.0367011198127,130497
19,2017Q4,0.0382372014135,130497
0,2013Q1,-0.0192768748322,119528
1,2013Q2,-0.00914370021691,119528
2,2013Q3,-0.0207221335246,119528
3,2013Q4,0.0914580666152,119528
4,2014Q1,0.0333146035531,119528
5,2014Q2,0.154134104368,119528
6,2014Q3,0.12203192041,119528
7,2014Q4,0.0724283087223,119528
8,2015Q1,0.0824559738145,119528
9,2015Q2,-0.0175524226812,119528
10,2015Q3,0.0083439399678,119528
11,2015Q4,-0.0229328379771,119528
12,2016Q1,-0.0557594713047,119528
13,2016Q2,0.076463385705,119528
14,2016Q3,0.108852917214,119528
15,2016Q4,-0.0207115469754,119528
16,2017Q1,0.0466454264188,119528
17,2017Q2,0.0818456069202,119528
18,2017Q3,0.0589538552932,119528
19,2017Q4,0.03343547336,119528
0,2013Q1,-0.0136091063271,120586
1,2013Q2,-0.0124347111447,120586
2,2013Q3,-0.00256403903675,120586
3,2013Q4,0.0896168334475,120586
4,2014Q1,0.0284976270338,120586
5,2014Q2,0.137142457852,120586
6,2014Q3,0.121407875609,120586
7,2014Q4,0.0699012090919,120586
8,2015Q1,0.0649577837336,120586
9,2015Q2,-0.0251745590792,120586
10,2015Q3,0.00495979565821,120586
11,2015Q4,-0.0181891737141,120586
12,2016Q1,-0.0666359687904,120586
13,2016Q2,0.0736020937471,120586
14,2016Q3,0.107780361739,120586
15,2016Q4,-0.0123794513065,120586
16,2017Q1,0.0527428279775,120586
17,2017Q2,0.0728704539103,120586
18,2017Q3,0.0606838606696,120586
19,2017Q4,0.0554602799292,120586
0,2013Q1,0.0,135795
1,2013Q2,0.0,135795
2,2013Q3,0.0,135795
3,2013Q4,0.0,135795
4,2014Q1,0.0,135795
5,2014Q2,0.0,135795
6,2014Q3,0.0,135795
7,2014Q4,0.0,135795
8,2015Q1,0.0,135795
9,2015Q2,0.0,135795
10,2015Q3,0.0,135795
11,2015Q4,-0.00100095818348,135795
12,2016Q1,0.00175655265221,135795
13,2016Q2,0.0351314619983,135795
14,2016Q3,-0.0570217175895,135795
15,2016Q4,-0.0554343463528,135795
16,2017Q1,0.0262217709602,135795
17,2017Q2,-0.000730628792913,135795
18,2017Q3,0.0377191831665,135795
19,2017Q4,0.0822235880877,135795
0,2013Q1,0.0865783927176,120539
1,2013Q2,-0.0492616153228,120539
2,2013Q3,0.161938190834,120539
3,2013Q4,0.142025733819,120539
4,2014Q1,0.0799822868913,120539
5,2014Q2,-0.0234298813451,120539
6,2014Q3,0.135393887304,120539
7,2014Q4,0.0704273516549,120539
8,2015Q1,0.077696472638,120539
9,2015Q2,-0.0451039607669,120539
10,2015Q3,0.029006817425,120539
11,2015Q4,0.0345938672725,120539
12,2016Q1,-0.0408716461742,120539
13,2016Q2,0.0611849451648,120539
14,2016Q3,-0.0324999908526,120539
15,2016Q4,-0.0341681878369,120539
16,2017Q1,0.0347050417256,120539
17,2017Q2,0.00425814904699,120539
18,2017Q3,0.0373101835688,120539
19,2017Q4,0.0903447300935,120539
0,2013Q1,-0.0245462349412,119018
1,2013Q2,-0.0275881454911,119018
2,2013Q3,-0.0666928587489,119018
3,2013Q4,0.0999004875239,119018
4,2014Q1,0.0391095780496,119018
5,2014Q2,0.194607407121,119018
6,2014Q3,0.12167979507,119018
7,2014Q4,0.0616054474188,119018
8,2015Q1,0.0401047526081,119018
9,2015Q2,-0.036504835354,119018
10,2015Q3,-0.00553445684628,119018
11,2015Q4,-0.0259331964162,119018
12,2016Q1,-0.103352380409,119018
13,2016Q2,0.0893110503825,119018
14,2016Q3,0.118222189714,119018
15,2016Q4,0.00125537120687,119018
16,2017Q1,0.0571352009279,119018
17,2017Q2,0.0862012386135,119018
18,2017Q3,0.0427284440941,119018
19,2017Q4,0.0462590271787,119018
0,2013Q1,-0.0262603728687,120662
1,2013Q2,-0.00645749893196,120662
2,2013Q3,-0.0192067195727,120662
3,2013Q4,0.0751012244446,120662
4,2014Q1,0.0381018201521,120662
5,2014Q2,0.137365064262,120662
6,2014Q3,0.137077085327,120662
7,2014Q4,0.083344818455,120662
8,2015Q1,0.0687405938024,120662
9,2015Q2,-0.0158338585344,120662
10,2015Q3,0.014540726868,120662
11,2015Q4,-0.0228321552387,120662
12,2016Q1,-0.0701848459633,120662
13,2016Q2,0.0686048064876,120662
14,2016Q3,0.0956994382196,120662
15,2016Q4,-0.0422870350043,120662
16,2017Q1,0.0310969312329,120662
17,2017Q2,0.0743961152565,120662
18,2017Q3,0.0480387939156,120662
19,2017Q4,0.0316985785769,120662
0,2013Q1,-0.0557469749455,120244
1,2013Q2,-0.0193873430079,120244
2,2013Q3,-0.131991328626,120244
3,2013Q4,0.0990144758944,120244
4,2014Q1,0.0140369977048,120244
5,2014Q2,0.254424825184,120244
6,2014Q3,0.12793680808,120244
7,2014Q4,0.108035327556,120244
8,2015Q1,0.104829186748,120244
9,2015Q2,-0.0418101488943,120244
10,2015Q3,0.0283528789752,120244
11,2015Q4,-0.050082053176,120244
12,2016Q1,-0.11239230932,120244
13,2016Q2,0.128134044279,120244
14,2016Q3,0.207447765755,120244
15,2016Q4,0.0103915672107,120244
16,2017Q1,0.0713749322904,120244
17,2017Q2,0.151242626733,120244
18,2017Q3,0.0783484083876,120244
19,2017Q4,0.0217399638634,120244
0,2013Q1,0.0,125597
1,2013Q2,0.0,125597
2,2013Q3,0.0,125597
3,2013Q4,0.00106468778063,125597
4,2014Q1,-0.000888549097296,125597
5,2014Q2,0.242666153654,125597
6,2014Q3,0.0768491909266,125597
7,2014Q4,0.110176326527,125597
8,2015Q1,0.135206581379,125597
9,2015Q2,-0.0362646961427,125597
10,2015Q3,0.0185096967595,125597
11,2015Q4,-0.0341749932874,125597
12,2016Q1,-0.057821620642,125597
13,2016Q2,0.138913543626,125597
14,2016Q3,0.18613459115,125597
15,2016Q4,-0.0316686886829,125597
16,2017Q1,0.0615407227946,125597
17,2017Q2,0.133873686624,125597
18,2017Q3,0.0973894999335,125597
19,2017Q4,0.0273893537598,125597
0,2013Q1,0.0,135810
1,2013Q2,0.0,135810
2,2013Q3,0.0,135810
3,2013Q4,0.0,135810
4,2014Q1,0.0,135810
5,2014Q2,0.0,135810
6,2014Q3,0.0,135810
7,2014Q4,0.0,135810
8,2015Q1,0.0,135810
9,2015Q2,0.0,135810
10,2015Q3,0.0,135810
11,2015Q4,-0.000332288506974,135810
12,2016Q1,-0.024064098957,135810
13,2016Q2,-0.0400059358404,135810
14,2016Q3,0.0402254681256,135810
15,2016Q4,-0.0525596977054,135810
16,2017Q1,-0.0299806937894,135810
17,2017Q2,0.0125926160227,135810
18,2017Q3,-0.0555762254837,135810
19,2017Q4,0.025783182271,135810
0,2013Q1,-0.0261531474788,103309
1,2013Q2,-0.0231152895385,103309
2,2013Q3,-0.0191003296022,103309
3,2013Q4,0.105029448453,103309
4,2014Q1,0.0376622104607,103309
5,2014Q2,0.163809290541,103309
6,2014Q3,0.123261258259,103309
7,2014Q4,0.0751906339842,103309
8,2015Q1,0.0709317984922,103309
9,2015Q2,-0.0258542428669,103309
10,2015Q3,0.0125906011437,103309
11,2015Q4,-0.0215456566825,103309
12,2016Q1,-0.0646322072921,103309
13,2016Q2,0.0682613465513,103309
14,2016Q3,0.102649908297,103309
15,2016Q4,-0.0175889726142,103309
16,2017Q1,0.0505658241846,103309
17,2017Q2,0.07434304754,103309
18,2017Q3,0.0594074551799,103309
19,2017Q4,0.0341983910369,103309
0,2013Q1,-0.0514045265857,102402
1,2013Q2,-0.0243589015031,102402
2,2013Q3,-0.187508680871,102402
3,2013Q4,0.067178177726,102402
4,2014Q1,0.00880619932664,102402
5,2014Q2,0.235366678661,102402
6,2014Q3,0.0927590774294,102402
7,2014Q4,0.109665321554,102402
8,2015Q1,0.0841866974056,102402
9,2015Q2,-0.0586486588244,102402
10,2015Q3,-0.0616375340991,102402
11,2015Q4,-0.0660878898991,102402
12,2016Q1,-0.116523508048,102402
13,2016Q2,0.131766715991,102402
14,2016Q3,0.111324404077,102402
15,2016Q4,-0.0518627856156,102402
16,2017Q1,0.0506533468342,102402
17,2017Q2,0.12479672938,102402
18,2017Q3,0.0817119069888,102402
19,2017Q4,0.0262584771966,102402
0,2013Q1,-0.0321394500424,120665
1,2013Q2,-0.00327301674015,120665
2,2013Q3,-0.0107830760953,120665
3,2013Q4,0.0602863641449,120665
4,2014Q1,0.0360767393912,120665
5,2014Q2,0.116381366216,120665
6,2014Q3,0.127178940438,120665
7,2014Q4,0.0750637043971,120665
8,2015Q1,0.0871965075851,120665
9,2015Q2,-0.0138864653318,120665
10,2015Q3,0.00843841421681,120665
11,2015Q4,-0.0326207516389,120665
12,2016Q1,-0.0797680428789,120665
13,2016Q2,0.0720615589776,120665
14,2016Q3,0.0913275764212,120665
15,2016Q4,-0.0257211561887,120665
16,2017Q1,0.0449323297065,120665
17,2017Q2,0.0942343859862,120665
18,2017Q3,0.0420791910454,120665
19,2017Q4,0.053262916789,120665
0,2013Q1,-0.0320718380783,119564
1,2013Q2,-0.0219472232742,119564
2,2013Q3,-0.0175533910599,119564
3,2013Q4,0.107011800103,119564
4,2014Q1,0.0391537167078,119564
5,2014Q2,0.165863679986,119564
6,2014Q3,0.125495474821,119564
7,2014Q4,0.0775496928938,119564
8,2015Q1,0.0732217198907,119564
9,2015Q2,-0.0236703768871,119564
10,2015Q3,0.0146779780217,119564
11,2015Q4,-0.0193233289366,119564
12,2016Q1,-0.0620497707196,119564
13,2016Q2,0.0711531779337,119564
14,2016Q3,0.105510903531,119564
15,2016Q4,-0.0147904953446,119564
16,2017Q1,0.0536346546383,119564
17,2017Q2,0.0773691607811,119564
18,2017Q3,0.0623825429516,119564
19,2017Q4,0.0372912146638,119564
0,2013Q1,-0.0499721323822,118756
1,2013Q2,0.0499711100267,118756
2,2013Q3,0.0283362680035,118756
3,2013Q4,0.0760134629639,118756
4,2014Q1,0.0701939535052,118756
5,2014Q2,-0.00362458076087,118756
6,2014Q3,0.179649153189,118756
7,2014Q4,0.135864159535,118756
8,2015Q1,0.0122435981625,118756
9,2015Q2,-0.00552968339152,118756
10,2015Q3,0.0814453301483,118756
11,2015Q4,0.0366616750409,118756
12,2016Q1,-0.113828770986,118756
13,2016Q2,-0.0995965696283,118756
14,2016Q3,0.0716282328684,118756
15,2016Q4,0.00123221212444,118756
16,2017Q1,-0.0764951235931,118756
17,2017Q2,-0.104984506448,118756
18,2017Q3,-0.00913698820915,118756
19,2017Q4,0.0637808860544,118756
0,2013Q1,-0.00656853258276,119709
1,2013Q2,-0.0127741298005,119709
2,2013Q3,-0.0338564985893,119709
3,2013Q4,0.0740130864052,119709
4,2014Q1,0.0271389229174,119709
5,2014Q2,0.129888177033,119709
6,2014Q3,0.120737644821,119709
7,2014Q4,0.0750016875518,119709
8,2015Q1,0.0794254955098,119709
9,2015Q2,-0.0174224691917,119709
10,2015Q3,0.00862351847881,119709
11,2015Q4,-0.00878117294003,119709
12,2016Q1,-0.0582153376797,119709
13,2016Q2,0.0737105978327,119709
14,2016Q3,0.0993394077749,119709
15,2016Q4,-0.0199722985424,119709
16,2017Q1,0.0153351992453,119709
17,2017Q2,0.0752193263038,119709
18,2017Q3,0.0424984806331,119709
19,2017Q4,0.0286076150352,119709
0,2013Q1,-0.0224177422006,100645
1,2013Q2,-0.0145758959468,100645
2,2013Q3,-0.0562333112268,100645
3,2013Q4,-0.000368623170308,100645
4,2014Q1,0.00934790811452,100645
5,2014Q2,0.0645173925785,100645
6,2014Q3,0.0914397405209,100645
7,2014Q4,0.0900559615811,100645
8,2015Q1,0.0615248760361,100645
9,2015Q2,-0.0973601204242,100645
10,2015Q3,-0.0887608215502,100645
11,2015Q4,0.0227799211059,100645
12,2016Q1,-0.0461124495745,100645
13,2016Q2,0.061504720426,100645
14,2016Q3,0.10551625354,100645
15,2016Q4,-0.0581846174271,100645
16,2017Q1,0.0558073159985,100645
17,2017Q2,0.119824406667,100645
18,2017Q3,0.0474310065127,100645
19,2017Q4,0.0927540727625,100645
0,2013Q1,-0.0323164848906,120664
1,2013Q2,-0.0033058000151,120664
2,2013Q3,-0.014305300023,120664
3,2013Q4,-0.000239558135912,120664
4,2014Q1,0.0360787430373,120664
5,2014Q2,0.116382592729,120664
6,2014Q3,0.127178862796,120664
7,2014Q4,0.075064848458,120664
8,2015Q1,0.0823688510036,120664
9,2015Q2,-0.0960067598097,120664
10,2015Q3,0.00843807141955,120664
11,2015Q4,-0.03262010608,120664
12,2016Q1,-0.0917846761362,120664
13,2016Q2,0.0111746089438,120664
14,2016Q3,0.0913275569317,120664
15,2016Q4,-0.0257206399148,120664
16,2017Q1,0.0416176957029,120664
17,2017Q2,0.022945441075,120664
18,2017Q3,0.0420785987315,120664
19,2017Q4,0.0532626889731,120664
0,2013Q1,0.0,133858
1,2013Q2,0.0,133858
2,2013Q3,0.0,133858
3,2013Q4,0.0,133858
4,2014Q1,0.0,133858
5,2014Q2,0.0,133858
6,2014Q3,0.0,133858
7,2014Q4,0.0,133858
8,2015Q1,-0.041980987038,133858
9,2015Q2,-0.062520441143,133858
10,2015Q3,-0.00584015412862,133858
11,2015Q4,-0.0233364152064,133858
12,2016Q1,-0.0707114828151,133858
13,2016Q2,0.133932492422,133858
14,2016Q3,0.161673505671,133858
15,2016Q4,-0.0123906948535,133858
16,2017Q1,0.0352298134587,133858
17,2017Q2,0.126778245543,133858
18,2017Q3,0.0845919828861,133858
19,2017Q4,0.0193539101326,133858
0,2013Q1,-0.0184230709224,120576
1,2013Q2,0.0651394638306,120576
2,2013Q3,0.0238092923273,120576
3,2013Q4,-0.000385094804019,120576
4,2014Q1,0.00934896193451,120576
5,2014Q2,0.0645271215579,120576
6,2014Q3,0.0914321343197,120576
7,2014Q4,0.0900509005265,120576
8,2015Q1,0.0615182870064,120576
9,2015Q2,-0.0327992046794,120576
10,2015Q3,0.0234500690845,120576
11,2015Q4,0.0227723528635,120576
12,2016Q1,-0.0461189700664,120576
13,2016Q2,0.0614911548199,120576
14,2016Q3,0.105520064875,120576
15,2016Q4,-0.0581804519316,120576
16,2017Q1,0.0558161448779,120576
17,2017Q2,0.119831684424,120576
18,2017Q3,0.0474381810841,120576
19,2017Q4,0.0927611176143,120576
0,2013Q1,-0.00571034044368,103616
1,2013Q2,-0.008098970254,103616
2,2013Q3,-0.0396201153327,103616
3,2013Q4,0.0832011955303,103616
4,2014Q1,0.0284593814438,103616
5,2014Q2,0.00911902056171,103616
6,2014Q3,0.143555549007,103616
7,2014Q4,0.0769183506946,103616
8,2015Q1,0.0888543738983,103616
9,2015Q2,0.00585325586716,103616
10,2015Q3,-0.0943273706968,103616
11,2015Q4,-0.0348409829186,103616
12,2016Q1,-0.0446510423898,103616
13,2016Q2,0.075843302433,103616
14,2016Q3,0.0843468842163,103616
15,2016Q4,-0.0721985721221,103616
16,2017Q1,0.030952729531,103616
17,2017Q2,0.0804449729956,103616
18,2017Q3,0.0494614326211,103616
19,2017Q4,0.0332954115471,103616
0,2013Q1,-0.0188406921476,119730
1,2013Q2,0.0668784608291,119730
2,2013Q3,0.0264282855359,119730
3,2013Q4,0.00149517568016,119730
4,2014Q1,0.0108620069707,119730
5,2014Q2,0.0661245947951,119730
6,2014Q3,0.0930448718602,119730
7,2014Q4,0.0917653041545,119730
8,2015Q1,0.0632909770452,119730
9,2015Q2,-0.0937450466505,119730
10,2015Q3,-0.0863059764108,119730
11,2015Q4,0.0252839679917,119730
12,2016Q1,-0.0436032012021,119730
13,2016Q2,0.0636974052105,119730
14,2016Q3,0.107885866674,119730
15,2016Q4,-0.0557972442548,119730
16,2017Q1,0.057905124133,119730
17,2017Q2,0.122128679661,119730
18,2017Q3,0.049669167728,119730
19,2017Q4,0.0951446752258,119730
0,2013Q1,-0.0252838184673,102000
1,2013Q2,-0.0290199158746,102000
2,2013Q3,-0.0680517543432,102000
3,2013Q4,0.0985214421079,102000
4,2014Q1,0.0377442702182,102000
5,2014Q2,0.19322403985,102000
6,2014Q3,0.120259211642,102000
7,2014Q4,0.0601143930092,102000
8,2015Q1,0.0385214074843,102000
9,2015Q2,-0.0380148897208,102000
10,2015Q3,-0.00714572842988,102000
11,2015Q4,-0.0276382111347,102000
12,2016Q1,-0.105033647891,102000
13,2016Q2,0.0876788585129,102000
14,2016Q3,0.116299645089,102000
15,2016Q4,-0.000649666660171,102000
16,2017Q1,0.0553870136679,102000
17,2017Q2,0.0845231657231,102000
18,2017Q3,0.0408987390551,102000
19,2017Q4,0.0443957163032,102000
0,2013Q1,0.0,133859
1,2013Q2,0.0,133859
2,2013Q3,0.0,133859
3,2013Q4,0.0,133859
4,2014Q1,0.0,133859
5,2014Q2,0.0,133859
6,2014Q3,0.0,133859
7,2014Q4,0.0,133859
8,2015Q1,-0.0419138961842,133859
9,2015Q2,-0.0617471942065,133859
10,2015Q3,-0.00483499821816,133859
11,2015Q4,-0.0222163220592,133859
12,2016Q1,-0.0693386330146,133859
13,2016Q2,0.135472825145,133859
14,2016Q3,0.163182041229,133859
15,2016Q4,-0.0101080094674,133859
16,2017Q1,0.0381841695541,133859
17,2017Q2,0.129678548158,133859
18,2017Q3,0.0874351459983,133859
19,2017Q4,0.022202489508,133859
0,2013Q1,-0.0508596802158,102001
1,2013Q2,-0.099643542531,102001
2,2013Q3,-0.0680449883559,102001
3,2013Q4,0.0985233344421,102001
4,2014Q1,0.0108710414829,102001
5,2014Q2,0.123052610035,102001
6,2014Q3,0.120250661058,102001
7,2014Q4,0.0601136023861,102001
8,2015Q1,0.0155119145019,102001
9,2015Q2,-0.105289346094,102001
10,2015Q3,-0.00714486166741,102001
11,2015Q4,-0.0276390473655,102001
12,2016Q1,-0.130794226146,102001
13,2016Q2,0.0297105741762,102001
14,2016Q3,0.116296733466,102001
15,2016Q4,-0.000649039163839,102001
16,2017Q1,0.0335529648883,102001
17,2017Q2,0.0167972776236,102001
18,2017Q3,0.0408981969213,102001
19,2017Q4,0.0443958113732,102001
0,2013Q1,0.0,125595
1,2013Q2,0.0,125595
2,2013Q3,0.0,125595
3,2013Q4,0.00106468778063,125595
4,2014Q1,-0.00271375921017,125595
5,2014Q2,0.24033821004,125595
6,2014Q3,0.0742108675367,125595
7,2014Q4,0.107380809071,125595
8,2015Q1,0.132801969908,125595
9,2015Q2,-0.0386984553301,125595
10,2015Q3,0.0163528148284,125595
11,2015Q4,-0.0356148149506,125595
12,2016Q1,-0.0588794894435,125595
13,2016Q2,0.137712530652,125595
14,2016Q3,0.18417216836,125595
15,2016Q4,-0.033734467161,125595
16,2017Q1,0.0590415732371,125595
17,2017Q2,0.130629982313,125595
18,2017Q3,0.0941175814529,125595
19,2017Q4,0.024147991149,125595
0,2013Q1,-0.045748592849,109445
1,2013Q2,-0.0210339013994,109445
2,2013Q3,-0.133859060551,109445
3,2013Q4,0.097084332128,109445
4,2014Q1,0.0123483954642,109445
5,2014Q2,0.252861197174,109445
6,2014Q3,0.126039330162,109445
7,2014Q4,0.105979367307,109445
8,2015Q1,0.102291431495,109445
9,2015Q2,-0.0444474234308,109445
10,2015Q3,0.0256278884348,109445
11,2015Q4,-0.0528354869782,109445
12,2016Q1,-0.115124965927,109445
13,2016Q2,0.125307236039,109445
14,2016Q3,0.204614176865,109445
15,2016Q4,0.00735003626147,109445
16,2017Q1,0.0680831435035,109445
17,2017Q2,0.147885881342,109445
18,2017Q3,0.0749329664519,109445
19,2017Q4,0.0183654462255,109445
0,2013Q1,-0.0214456654488,100669
1,2013Q2,-0.00704828076652,100669
2,2013Q3,-0.0197545560435,100669
3,2013Q4,0.0746625600382,100669
4,2014Q1,0.0375787953496,100669
5,2014Q2,0.136648424152,100669
6,2014Q3,0.136229064947,100669
7,2014Q4,0.0825571591858,100669
8,2015Q1,0.0678634368967,100669
9,2015Q2,-0.0168727158259,100669
10,2015Q3,0.013444383826,100669
11,2015Q4,-0.0239443836683,100669
12,2016Q1,-0.0712081342616,100669
13,2016Q2,0.0675056560646,100669
14,2016Q3,0.0946275960828,100669
15,2016Q4,-0.0434797211835,100669
16,2017Q1,0.0298729681446,100669
17,2017Q2,0.073192472987,100669
18,2017Q3,0.0468668246746,100669
19,2017Q4,0.0305797078179,100669
0,2013Q1,0.0802858660797,120594
1,2013Q2,-0.0576578122922,120594
2,2013Q3,0.142915019571,120594
3,2013Q4,0.220200387311,120594
4,2014Q1,0.118891889383,120594
5,2014Q2,-0.0325363519401,120594
6,2014Q3,0.149092070206,120594
7,2014Q4,0.0872214635683,120594
8,2015Q1,0.0735442195873,120594
9,2015Q2,-0.0585927083126,120594
10,2015Q3,0.0436103495569,120594
11,2015Q4,0.00970231879294,120594
12,2016Q1,-0.0338597959542,120594
13,2016Q2,0.0383201740005,120594
14,2016Q3,-0.0462870296813,120594
15,2016Q4,-0.0304088823694,120594
16,2017Q1,0.0345296893404,120594
17,2017Q2,0.00763581680837,120594
18,2017Q3,0.0136329661982,120594
19,2017Q4,0.0796064062201,120594
0,2013Q1,-0.0547785265767,119159
1,2013Q2,-0.0627987468858,119159
2,2013Q3,0.00346923413837,119159
3,2013Q4,0.0705580128007,119159
4,2014Q1,-0.012148673693,119159
5,2014Q2,0.0940772120804,119159
6,2014Q3,0.111501526152,119159
7,2014Q4,0.0575746147854,119159
8,2015Q1,0.017589936497,119159
9,2015Q2,-0.0366894033793,119159
10,2015Q3,0.0212582897764,119159
11,2015Q4,-0.0265722882376,119159
12,2016Q1,-0.0673117795171,119159
13,2016Q2,0.0236283141708,119159
14,2016Q3,0.09495859638,119159
15,2016Q4,-0.0226417658632,119159
16,2017Q1,0.00081240121479,119159
17,2017Q2,0.0351152447677,119159
18,2017Q3,0.0539253799727,119159
19,2017Q4,0.0391893924886,119159
0,2013Q1,-0.0310796771149,100807
1,2013Q2,0.0681311520103,100807
2,2013Q3,0.0519411412666,100807
3,2013Q4,0.0704422827722,100807
4,2014Q1,0.0693625328434,100807
5,2014Q2,0.023312917556,100807
6,2014Q3,0.184990953476,100807
7,2014Q4,0.109194581674,100807
8,2015Q1,0.0892787646359,100807
9,2015Q2,0.0495611314182,100807
10,2015Q3,0.0325512492555,100807
11,2015Q4,-0.017860012912,100807
12,2016Q1,-0.0763575206992,100807
13,2016Q2,-0.0230078774268,100807
14,2016Q3,0.0698780475159,100807
15,2016Q4,-0.0349691166694,100807
16,2017Q1,-0.0282914470668,100807
17,2017Q2,-0.0306546525468,100807
18,2017Q3,-0.0249153405465,100807
19,2017Q4,0.0328331467192,100807
0,2013Q1,-0.0209204918697,115241
1,2013Q2,-0.0300802477682,115241
2,2013Q3,0.0129836865771,115241
3,2013Q4,0.0430872818586,115241
4,2014Q1,0.00589443314577,115241
5,2014Q2,0.0659655640021,115241
6,2014Q3,0.0610876134158,115241
7,2014Q4,0.0204246514642,115241
8,2015Q1,0.0357520496576,115241
9,2015Q2,-0.0281462248805,115241
10,2015Q3,-0.0107051444016,115241
11,2015Q4,-0.0255196756347,115241
12,2016Q1,-0.0271994218089,115241
13,2016Q2,0.0527571449848,115241
14,2016Q3,0.0660066109221,115241
15,2016Q4,-0.0416328266298,115241
16,2017Q1,0.0223121233375,115241
17,2017Q2,0.049520253797,115241
18,2017Q3,0.0293600377611,115241
19,2017Q4,0.0295430190093,115241
0,2013Q1,0.0851290515082,103167
1,2013Q2,-0.0505813467914,103167
2,2013Q3,0.160024923747,103167
3,2013Q4,0.0843817422276,103167
4,2014Q1,0.0780878209838,103167
5,2014Q2,-0.0253220989013,103167
6,2014Q3,0.115134375737,103167
7,2014Q4,0.00235132912194,103167
8,2015Q1,0.0750034577036,103167
9,2015Q2,-0.0471183420734,103167
10,2015Q3,-0.0397213376833,103167
11,2015Q4,-0.00360212335578,103167
12,2016Q1,-0.0426847068463,103167
13,2016Q2,0.060624811848,103167
14,2016Q3,-0.0826012343096,103167
15,2016Q4,-0.059744945542,103167
16,2017Q1,0.0328960065737,103167
17,2017Q2,0.00275094981602,103167
18,2017Q3,-0.00588576147719,103167
19,2017Q4,0.0684803333754,103167
0,2013Q1,-0.0313651015815,120782
1,2013Q2,0.0700186018139,120782
2,2013Q3,0.0537943824837,120782
3,2013Q4,0.0722443855034,120782
4,2014Q1,0.0711937578738,120782
5,2014Q2,0.0254115696633,120782
6,2014Q3,0.187208298613,120782
7,2014Q4,0.111347503775,120782
8,2015Q1,0.0913146875171,120782
9,2015Q2,0.0516572383341,120782
10,2015Q3,0.034805407941,120782
11,2015Q4,-0.015366714846,120782
12,2016Q1,-0.0738319002241,120782
13,2016Q2,-0.0206138298568,120782
14,2016Q3,0.0721946871277,120782
15,2016Q4,-0.0328967431058,120782
16,2017Q1,-0.026227263769,120782
17,2017Q2,-0.0286212929234,120782
18,2017Q3,-0.0225809131714,120782
19,2017Q4,0.0353871334236,120782
0,2013Q1,0.0411978436207,115294
1,2013Q2,-0.119664366242,115294
2,2013Q3,0.141603171447,115294
3,2013Q4,0.218607633672,115294
4,2014Q1,0.0894966837804,115294
5,2014Q2,-0.0754876647397,115294
6,2014Q3,0.147772666736,115294
7,2014Q4,0.0858921146152,115294
8,2015Q1,0.0438160414115,115294
9,2015Q2,-0.117148468013,115294
10,2015Q3,0.0408191103938,115294
11,2015Q4,0.00683949806481,115294
12,2016Q1,-0.0579713629272,115294
13,2016Q2,0.00813329164588,115294
14,2016Q3,-0.0483960583612,115294
15,2016Q4,-0.0325531084194,115294
16,2017Q1,-0.00215281627929,115294
17,2017Q2,-0.0536425845441,115294
18,2017Q3,0.0116100981274,115294
19,2017Q4,0.0773953956409,115294
0,2013Q1,0.0,135797
1,2013Q2,0.0,135797
2,2013Q3,0.0,135797
3,2013Q4,0.0,135797
4,2014Q1,0.0,135797
5,2014Q2,0.0,135797
6,2014Q3,0.0,135797
7,2014Q4,0.0,135797
8,2015Q1,0.0,135797
9,2015Q2,0.0,135797
10,2015Q3,0.0,135797
11,2015Q4,-0.00104435959707,135797
12,2016Q1,-0.000460480161968,135797
13,2016Q2,0.0309182055265,135797
14,2016Q3,-0.0610402230472,135797
15,2016Q4,-0.0596813738193,135797
16,2017Q1,0.0219887975225,135797
17,2017Q2,-0.00541040045189,135797
18,2017Q3,0.0332671102305,135797
19,2017Q4,0.0777186004172,135797
0,2013Q1,-0.0161702655878,119782
1,2013Q2,0.068363787104,119782
2,2013Q3,0.0527591919695,119782
3,2013Q4,0.0885705996981,119782
4,2014Q1,0.0855385055728,119782
5,2014Q2,0.0298313563552,119782
6,2014Q3,0.210158564312,119782
7,2014Q4,0.128894739404,119782
8,2015Q1,0.100239052868,119782
9,2015Q2,0.095838476218,119782
10,2015Q3,0.0573267888192,119782
11,2015Q4,0.0265037158229,119782
12,2016Q1,-0.0763722843488,119782
13,2016Q2,-0.0108005168148,119782
14,2016Q3,0.0552006338135,119782
15,2016Q4,-0.0339913661761,119782
16,2017Q1,-0.0230621004922,119782
17,2017Q2,-0.0435250035069,119782
18,2017Q3,-0.034583066359,119782
19,2017Q4,0.0285811690697,119782
0,2013Q1,0.119225807919,100643
1,2013Q2,-0.0581366152855,100643
2,2013Q3,0.064080569721,100643
3,2013Q4,0.0719649987717,100643
4,2014Q1,0.0991952257343,100643
5,2014Q2,-0.0401496502326,100643
6,2014Q3,0.145117628384,100643
7,2014Q4,0.0998316762999,100643
8,2015Q1,0.0837665434412,100643
9,2015Q2,-0.0710666014,100643
10,2015Q3,-0.155785728803,100643
11,2015Q4,0.00902645469157,100643
12,2016Q1,-0.0368993683065,100643
13,2016Q2,0.033968592103,100643
14,2016Q3,-0.00335593088444,100643
15,2016Q4,-0.0469041544606,100643
16,2017Q1,0.0191646572271,100643
17,2017Q2,-0.0182117437917,100643
18,2017Q3,0.0124039097029,100643
19,2017Q4,0.0624877778491,100643
0,2013Q1,0.0,130498
1,2013Q2,0.0,130498
2,2013Q3,0.0,130498
3,2013Q4,0.0,130498
4,2014Q1,0.0,130498
5,2014Q2,0.0,130498
6,2014Q3,0.0236132325146,130498
7,2014Q4,0.0457912328985,130498
8,2015Q1,0.0408576134542,130498
9,2015Q2,-0.020340951948,130498
10,2015Q3,-0.0118183259485,130498
11,2015Q4,-0.0351192937676,130498
12,2016Q1,-0.0894404321538,130498
13,2016Q2,0.0709122714327,130498
14,2016Q3,0.0844815915723,130498
15,2016Q4,-0.019265023338,130498
16,2017Q1,0.0460468248507,130498
17,2017Q2,0.085708073027,130498
18,2017Q3,0.036953520723,130498
19,2017Q4,0.0384893206801,130498
0,2013Q1,0.0,140453
1,2013Q2,0.0,140453
2,2013Q3,0.0,140453
3,2013Q4,0.0,140453
4,2014Q1,0.0,140453
5,2014Q2,0.0,140453
6,2014Q3,0.0,140453
7,2014Q4,0.0,140453
8,2015Q1,0.0,140453
9,2015Q2,0.0,140453
10,2015Q3,0.0,140453
11,2015Q4,0.0,140453
12,2016Q1,0.0,140453
13,2016Q2,0.0,140453
14,2016Q3,0.0,140453
15,2016Q4,0.0,140453
16,2017Q1,0.051276569727,140453
17,2017Q2,0.0672325269906,140453
18,2017Q3,0.0453221680064,140453
19,2017Q4,0.049985196896,140453
0,2013Q1,-0.0216653614674,119160
1,2013Q2,-0.0111484242533,119160
2,2013Q3,0.00327379122707,119160
3,2013Q4,0.0701224176579,119160
4,2014Q1,0.0264497270489,119160
5,2014Q2,0.111566591923,119160
6,2014Q3,0.111871957176,119160
7,2014Q4,0.0575978457768,119160
8,2015Q1,0.0823711075696,119160
9,2015Q2,-0.0184038796735,119160
10,2015Q3,0.021253088923,119160
11,2015Q4,-0.0265854328261,119160
12,2016Q1,-0.061393952644,119160
13,2016Q2,0.0668012103875,119160
14,2016Q3,0.0949580407099,119160
15,2016Q4,-0.0226417784063,119160
16,2017Q1,0.0376582441204,119160
17,2017Q2,0.0814822612868,119160
18,2017Q3,0.0539165416842,119160
19,2017Q4,0.0391783160213,119160
0,2013Q1,0.0793671571864,100363
1,2013Q2,-0.0592865568595,100363
2,2013Q3,0.14159781432,100363
3,2013Q4,0.218596725157,100363
4,2014Q1,0.116866103194,100363
5,2014Q2,-0.0340989211296,100363
6,2014Q3,0.147779007003,100363
7,2014Q4,0.0859578343963,100363
8,2015Q1,0.0719588907737,100363
9,2015Q2,-0.0604374997355,100363
10,2015Q3,0.0408530779762,100363
11,2015Q4,0.00683779642891,100363
12,2016Q1,-0.036448666465,100363
13,2016Q2,0.0367019168661,100363
14,2016Q3,-0.0483982160167,100363
15,2016Q4,-0.0325254762872,100363
16,2017Q1,0.0326959280251,100363
17,2017Q2,0.00693025963868,100363
18,2017Q3,0.0116036711581,100363
19,2017Q4,0.0773615261501,100363
0,2013Q1,-0.0360621982694,120663
1,2013Q2,-0.0232722317772,120663
2,2013Q3,-0.0192050316523,120663
3,2013Q4,0.0751011915711,120663
4,2014Q1,0.038101748642,120663
5,2014Q2,0.127787325851,120663
6,2014Q3,0.12119438917,120663
7,2014Q4,0.083345417937,120663
8,2015Q1,0.0687411565027,120663
9,2015Q2,-0.0306568470032,120663
10,2015Q3,-0.00334164748899,120663
11,2015Q4,-0.0228322701639,120663
12,2016Q1,-0.0701848129131,120663
13,2016Q2,0.0648918396185,120663
14,2016Q3,0.0659532834769,120663
15,2016Q4,-0.042287187273,120663
16,2017Q1,0.031096579639,120663
17,2017Q2,0.0710926744443,120663
18,2017Q3,0.0215686136825,120663
19,2017Q4,0.0316984231608,120663
0,2013Q1,0.0,132997
1,2013Q2,0.0,132997
2,2013Q3,0.0,132997
3,2013Q4,0.0,132997
4,2014Q1,0.0,132997
5,2014Q2,0.0,132997
6,2014Q3,0.0,132997
7,2014Q4,0.000508378578814,132997
8,2015Q1,0.0291228763907,132997
9,2015Q2,-0.0124604440797,132997
10,2015Q3,0.0105850295057,132997
11,2015Q4,-0.00627692635294,132997
12,2016Q1,-0.0162937767499,132997
13,2016Q2,0.0405794692858,132997
14,2016Q3,0.0790399553225,132997
15,2016Q4,-0.0193844477561,132997
16,2017Q1,0.00813803867109,132997
17,2017Q2,0.0365935588572,132997
18,2017Q3,0.00861192202527,132997
19,2017Q4,-0.00722482836418,132997
