Id,Beta,Alpha,Mean_sharpe
119018,-0.217352229075,-28.9639551252,-26.9573879788,-36.295553252,-33.1566654994,-28.0377743974,-32.3071998475,-31.3774513252,-29.2012528893,-30.6132355601,-28.8333120331,-24.5004396593,-28.8199270601,-30.186422933,-26.6574627546,-26.9795416634,20.4313848334,-24.6271237143,-24.470683225,-23.9840794897,-2.24415211401,-2.07282346704,-2.7277198438,-2.61193151964,-2.15654746519,-2.53612724811,-2.47504191467,-2.29641964315,-2.41592522357,-2.32958250934,-1.84617587202,-1.9475108414,-2.33511149992,-2.08342507454,-2.10124172451,2.4262036329,-1.91674073344,-1.92871218779,-1.91215434994,-1.97427050522
108465,0.187901435016,-19.1308649336,-19.343472986,-40.5778058677,-22.9678890896,-26.0971875649,-21.0027507798,-21.0121979664,-20.3496267814,-16.4984202892,-20.6474805046,-27.4724913982,-10.448943665,-18.9246410693,-16.9701477205,-17.7486858439,-14.4312838178,-19.6476274356,-15.6512226397,-16.6762150016,-3.83253254037,-3.83653573146,-7.58689326614,-4.49634827805,-4.94779233506,-4.17331138148,-4.13439639847,-3.98514384287,-3.39043268424,-3.93389401182,-5.12731769393,-2.85014563373,-3.83722451282,-3.39914198472,-3.54279976089,-2.99406919143,-3.78828326712,-3.10858855219,-3.22943949819,-4.01022581921
102000,0.358713004634,-14.2997506369,-12.964723885,-15.5601578248,-17.5936821033,-13.2836304232,-16.8916225723,-16.7385705408,-15.3890781534,-16.4334785811,-16.8678142153,-11.490843796,-6.53437625205,-14.7947222591,-13.6780394469,-13.658627013,-97.3218165555,-12.3999205936,-13.0186421168,-13.3486683863,-1.133915784,-1.05192196664,-1.37722435306,-1.32149519369,-1.08381942904,-1.28288766986,-1.25216284624,-1.16200019035,-1.22566138873,-1.17651925726,-0.973387702252,-0.993991738472,-1.17965430129,-1.05364463001,-1.06357227932,-5.10516136524,-0.968629920691,-0.976095528238,-0.967009803388,-1.3341450183
102001,0.231110727419,-16.7312694758,-17.7423565977,-20.1422431595,-21.3156095663,-10.3200119997,-19.9520649032,-19.9825725727,-18.833582608,-25.3921519798,-19.6303093829,-14.553156605,-10.579837581,-17.5899660001,-13.9645728162,-16.6128823603,-66.6463355835,-16.1299170777,-13.6070255714,-15.7038290949,-1.72260788771,-1.78207102543,-2.16734995323,-2.10042226634,-1.23313195699,-1.99183802765,-1.97052546285,-1.85780701024,-2.37087379273,-1.8606406326,-1.53177477362,-1.49322665826,-1.81011758006,-1.46090834659,-1.6737424455,-5.4766778807,-1.60247514857,-1.38740906572,-1.52178128115,-1.94817795768
120539,0.0854981675676,-22.9600964345,-25.2678014103,-23.0459145469,-24.7987838014,-25.6254395322,-30.605315919,-23.6642148146,-21.4823043073,-22.7886198475,-23.3566177128,-20.7241345974,-22.1734438393,-22.7429636479,-21.6902054672,-18.9272087753,-19.2552207701,-19.5941445656,-10.1774981627,-17.0554958248,-7.39283580936,-8.04653055188,-7.68197831615,-7.97432783015,-8.17555260544,-9.67563656032,-7.6001668024,-6.92243391651,-7.32563226517,-7.39110839596,-6.6996464806,-7.50328516174,-7.36048516187,-6.94666904702,-6.1496713779,-6.2320451652,-6.29663802776,-3.49417370718,-5.48103580105,-7.07104489388
119782,0.113032230137,-25.9190981186,-20.5364829289,-21.2554934028,-23.651910001,-24.2854041935,-17.0447912509,-22.8710617384,-21.1471726773,-20.5705971543,-21.5451728092,-20.7935059256,-22.7995207405,-20.3702722737,-25.6497095438,-19.9568451235,-16.9390165882,-17.245951301,-17.5970730015,-19.7951942935,-9.27707706612,-7.50635884951,-8.15657542404,-8.6054197137,-8.74881054423,-6.46685238202,-8.2952719083,-7.6877842396,-7.52944303739,-7.69632965571,-7.57415728365,-8.76695649938,-7.53481750491,-9.08509559706,-7.27356646315,-6.28074811805,-6.3288138154,-6.39478352704,-7.05048909973,-7.69786056468
120665,0.113402782695,-21.5800960502,-18.0046399695,-28.5117903976,-24.0092372439,-21.3988143664,-22.986983848,-22.8847413788,-20.7543295436,-21.676780792,-22.743331761,-25.1126825583,-17.4581817485,-21.4051986476,-19.2630820933,-19.6141237557,-19.3560164181,-17.0281417633,-17.9377176821,-17.696127058,-8.58528446412,-7.29069186552,-11.4356803074,-9.50214237765,-8.51961909905,-9.13280609618,-9.04350608953,-8.23895695932,-8.59268723685,-8.80621837274,-9.76893201861,-7.67963528146,-8.57378232728,-7.65716000915,-7.80526281568,-7.69234625397,-6.81980154802,-7.0874849361,-6.94526099363,-8.37775047643
108466,0.448567603631,-11.4614145504,-12.8117969515,-31.3495633465,-15.2452657717,-11.0352610333,-14.2252843735,-14.3850425776,-12.9509907087,-13.6592662773,-15.2891300682,-21.308515211,-3.50886680082,-12.5936543828,-11.5048276451,-11.7139638737,-13.4185819073,-10.6119439109,-10.8917744589,-11.8658130646,-3.71134619195,-3.85784959105,-7.70413012158,-4.44330613721,-3.63842730098,-4.25839263104,-4.18659310193,-3.84976124831,-4.01960569343,-3.99001156164,-5.20718353262,-3.41014673802,-3.98641841318,-3.5080904964,-3.58760145549,-3.82347217581,-3.26620421987,-3.21732569286,-3.2703651212,-4.04927533813
103309,0.0967742962843,-21.2206938676,-20.878868437,-29.0168796745,-24.698550147,-20.6970697551,-23.7723566781,-23.2876980746,-21.3715948005,-22.2935394903,-22.9669858482,-23.3573290912,-17.5523460789,-22.0014037589,-19.4012400119,-19.8888210064,-20.8596288085,-18.0076157475,-17.9160674112,-18.6931617441,-8.52027453971,-8.36251245544,-11.690771739,-9.82790364725,-8.33008431474,-9.4854106974,-9.26429440425,-8.52512617444,-8.88308108309,-8.98472266306,-9.23992093762,-7.67367304305,-8.84481790494,-7.76506425302,-7.96228394963,-8.29205033269,-7.217278541,-7.13924521232,-7.36860055099,-8.5987956023
103308,-0.288463703351,-31.2319545646,-29.4017339207,-38.6439119975,-35.5103246963,-69.5171468984,-34.331389701,-32.6688485897,-31.0553356585,-32.4387330201,-28.2922843756,-30.1851963402,-34.4371023461,-32.2747690748,-28.9977439313,-29.6074501171,-27.9915345711,-26.173190679,-26.5320811317,-26.4178250786,-2.69226016137,-2.51854632191,-3.18620048603,-3.12167501622,-7.00648727353,-2.9975011618,-2.85383788518,-2.71850506878,-2.84985476641,-2.51405588891,-2.62019634007,-2.6116282456,-2.76900293037,-2.53443173547,-2.58278162107,-2.41899120958,-2.25951910462,-2.34202618867,-2.37604682364,-2.89334464365
102823,0.141025310906,-24.9871805205,-19.8619576785,-20.2204853492,-22.8900014855,-23.5745172769,-16.2954276044,-22.1642993742,-20.4814047644,-19.8835332552,-20.9732315603,-20.1534956108,-22.2055199089,-19.5907654355,-23.6514534928,-19.4060486521,-16.2867238028,-16.7475924114,-17.0277136881,-19.1325567709,-9.64562276764,-7.86781052095,-8.53598038019,-9.01456162246,-9.16626611716,-6.77560380682,-8.693029267,-8.05687326996,-7.89090163616,-8.06644377018,-7.94660172677,-9.35367985846,-7.88346750267,-9.05718703132,-7.65373016771,-6.57393707593,-6.66307569175,-6.69598704106,-7.33787432703,-8.0462438727
119783,0.11017086833,-25.9690547879,-20.6073214508,-21.357491057,-23.7241020687,-24.3406691859,-17.4952779954,-22.9436334008,-21.2161736918,-20.6376378101,-21.5982872888,-20.8633348706,-22.8780083248,-20.4470854097,-25.7377561386,-20.0222119534,-17.0023592295,-17.3092674511,-17.6541920336,-19.8498627848,-9.37835846913,-7.59463098794,-8.25190448388,-8.70457213485,-8.84568042965,-6.66451396505,-8.39241348099,-7.77797623089,-7.61643790454,-7.78450848931,-7.6632793455,-8.85888267132,-7.62327028346,-9.19923819011,-7.35850597124,-6.35391800463,-6.40384014952,-6.46977064067,-7.13370650722,-7.79344254421
120664,-0.781648188891,-44.3268409543,-38.825252477,-55.0434994088,-199.406758071,-44.1002296635,-46.9431391203,-45.6396010027,-42.294913323,-44.8336763347,-40.7582285154,-46.5971036635,-52.0030054211,-44.4924991898,-32.5199900569,-40.3364272061,-39.4473006714,-37.5449358765,-34.3621471799,-34.2162260981,-0.678236072905,-0.547338449774,-0.747955555712,-4.94302515244,-0.673065106446,-0.721503996455,-0.714448581605,-0.652672070258,-0.706735133187,-0.681291109054,-0.771760673863,-0.596486017051,-0.655667930616,-0.413462969932,-0.616625843437,-0.604133291283,-0.581635925894,-0.521455242632,-0.548684382827,-0.86190439502
130498,nan,nan,nan,nan,nan,nan,nan,nan,nan,nan,nan,nan,nan,nan,nan,nan,nan,nan,nan,nan,nan,nan,nan,nan,nan,nan,nan,nan,nan,nan,nan,nan,nan,nan,nan,nan,nan,nan,nan,nan
102402,0.276660225557,-17.0589739258,-9.61536423058,-17.4170145255,-20.0636340243,6.24334671692,-19.3160524244,-18.1422110279,-17.2310216633,-18.1739066638,-17.703969196,-16.2559890043,-11.7721548224,-17.2789276326,-16.0079654855,-16.0186057316,-14.8976416757,-13.2013601478,-14.480629781,-15.6272797467,-3.86249998042,-2.62473014838,-4.38537503033,-4.41594228715,-0.124037853999,-4.28430418253,-4.03656118207,-3.82709754785,-4.01169472106,-3.75714433842,-3.67116616355,-3.61778127063,-3.95335937057,-3.56588070726,-3.59533921592,-3.39072072401,-3.05683500909,-3.20450082777,-3.32433637558,-3.51101615456
120663,0.0794107528409,-21.9004858448,-21.3038870955,-28.0520323243,-25.0191446667,-22.1330527571,-24.0411550284,-23.6514411825,-21.9068086417,-22.8047304518,-22.73056377,-15.2302266008,-18.1554942082,-22.3328839151,-20.2797999615,-20.7606431532,-19.1123960875,-17.5596750815,-18.7573181427,-18.1196468214,-9.80718766842,-9.53005441776,-12.6711249341,-11.1385291656,-9.90087441738,-10.7288888584,-10.5253974793,-9.76354555973,-10.156244258,-9.99429492454,-7.02629168688,-8.71423419987,-10.0252872347,-9.04863756268,-9.26616506456,-8.5720782199,-7.88998302742,-8.33887644817,-8.03042980525,-9.53305920698
102401,0.114978242459,-21.1661730375,-13.559959037,-23.2226605074,-24.4339728087,2.1391788935,-23.6434938334,-22.2526227238,-21.1104845713,-22.1751708726,-22.1226403523,-61.2759928836,-17.3126867203,-21.5905432387,-19.2920896984,-19.3898283086,-20.9803549305,-16.6283289762,-17.6981417861,-18.6114506298,-2.04850543293,-1.39189673497,-2.32599568229,-2.34220674603,-0.0660795357842,-2.27238773834,-2.14098260222,-2.02988519406,-2.12779444515,-2.0838254667,-5.44571213246,-1.85370616427,-2.09684892988,-1.86089210332,-1.87532143801,-2.00509620932,-1.62134578191,-1.69966145836,-1.76322030146,-2.0553349525
101295,1.78639169197,28.6570235495,22.0359122023,35.1012289347,20.9687518118,19.3633268037,22.5499907116,20.0498992738,19.2863226731,17.9760756809,12.7543365513,19.2032083426,50.9652775285,24.663505956,15.6094055654,18.9727913832,19.5677845628,20.1249886489,14.9116930331,182.984483894,-0.419212874571,-0.540327324313,-0.727205757608,-0.68399735213,-0.64961288905,-0.632533993168,-0.6351009574,-0.590324171813,-0.656827630025,-0.606875031576,-0.592809342497,-0.468623248136,-0.57525819987,-0.616727022598,-0.560498161603,-0.520505262582,-0.444126875595,-0.516732745679,3.75601454787,-0.351646541702
100363,0.250359197684,-18.9482572169,-20.3436362945,-16.4593728168,-20.3710328997,-21.4428915242,-24.7479393657,-19.41145672,-17.7926278114,-18.9680396309,-19.9755279576,-17.7921320089,-19.8917084446,-17.8564468234,-18.7639778859,-15.4896202311,-15.5203694147,-16.0105986452,-13.9844383666,-9.76708962811,-7.50231297038,-7.84180731003,-7.54328298456,-8.04396092059,-8.23792778488,-9.32160191506,-7.64024348395,-7.05440513648,-7.45871121192,-7.45754531,-7.05492871597,-8.79063245048,-7.27169689207,-7.2333821934,-6.3092726335,-6.27675083319,-6.31848426053,-5.62181677437,-4.26468388362,-7.22333935079
120662,0.0406593053981,-23.2847645397,-20.1009415187,-29.4431685423,-26.0666169743,-22.8645438099,-25.0288454238,-24.7163047883,-22.8366290052,-23.5481121568,-24.5603600333,-24.5632561021,-19.6670549985,-23.4191977289,-20.7741520969,-21.4585251088,-19.9878420069,-18.2748193669,-19.1861528517,-19.6446903735,-10.2616347565,-8.90100719448,-13.0403654827,-11.4632359272,-10.0834315588,-11.0207678809,-10.8658562661,-10.0481698643,-10.3613242844,-10.7191546624,-10.776918769,-8.96826180815,-10.3398648482,-9.15266906589,-9.45219181033,-8.82197350531,-8.07517374299,-8.43751445981,-8.60624660517,-9.96819802592
119709,-0.120601670993,-25.6842751842,-24.362193733,-33.5096195183,-30.566252452,-25.7737850194,-29.4133670232,-28.8028591332,-26.4717876007,-27.5279871137,-27.4763797231,-27.8821420488,-22.4017465558,-28.0083393381,-24.4540333148,-24.9512329855,-23.6633389397,-19.1801782678,-22.4760103525,-22.6078215972,-9.17730255714,-8.68975775567,-11.8388196717,-11.0789855648,-9.21613038054,-10.6242139847,-10.4421854502,-9.56630139679,-9.95796804337,-10.1347076318,-10.1380819124,-7.180375533,-10.0589197995,-8.81946979526,-8.99058473114,-8.49550215247,-6.74484560692,-8.14543143465,-8.26952375554,-9.34574248198
135793,nan,nan,nan,nan,nan,nan,nan,nan,nan,nan,nan,nan,nan,nan,nan,nan,nan,nan,nan,nan,nan,nan,nan,nan,nan,nan,nan,nan,nan,nan,nan,nan,nan,nan,nan,nan,nan,nan,nan,nan
125595,nan,nan,nan,nan,nan,nan,nan,nan,nan,nan,nan,nan,nan,nan,nan,nan,nan,nan,nan,nan,nan,nan,nan,nan,nan,nan,nan,nan,nan,nan,nan,nan,nan,nan,nan,nan,nan,nan,nan,nan
135790,nan,nan,nan,nan,nan,nan,nan,nan,nan,nan,nan,nan,nan,nan,nan,nan,nan,nan,nan,nan,nan,nan,nan,nan,nan,nan,nan,nan,nan,nan,nan,nan,nan,nan,nan,nan,nan,nan,nan,nan
125597,nan,nan,nan,nan,nan,nan,nan,nan,nan,nan,nan,nan,nan,nan,nan,nan,nan,nan,nan,nan,nan,nan,nan,nan,nan,nan,nan,nan,nan,nan,nan,nan,nan,nan,nan,nan,nan,nan,nan,nan
135800,nan,nan,nan,nan,nan,nan,nan,nan,nan,nan,nan,nan,nan,nan,nan,nan,nan,nan,nan,nan,nan,nan,nan,nan,nan,nan,nan,nan,nan,nan,nan,nan,nan,nan,nan,nan,nan,nan,nan,nan
103168,0.116374857168,-22.2038268515,-24.4041545958,-21.9383748651,-23.9714848134,-24.8736567991,-29.2280674965,-22.8867785192,-20.7412436492,-22.0726360418,-22.6689257958,-19.9935151223,-21.0765395258,-21.8411335935,-21.0316548163,-18.2134490605,-18.4519755936,-18.9807567141,-5.15667915699,-16.4123557195,-6.40166932895,-6.93191846846,-6.64482494289,-6.89925517652,-7.07941857178,-8.22879648174,-6.57568222939,-5.98750979007,-6.34855480482,-6.3806501255,-5.79753729073,-6.51731702297,-6.34649896392,-6.01793229674,-5.31943763553,-5.36351192777,-5.45672133219,-1.90120047189,-4.72218642854,-6.04845385739
109445,0.125839851935,-20.90608158,-14.6315487673,-23.1996439704,-24.144286801,-3.83205954366,-23.2484291288,-22.3179314879,-20.6523409871,-21.6442529074,-22.4547024321,-23.0100455594,-17.2394322783,-21.258587287,-18.6173740486,-19.0086218003,-8.06518160971,-16.6896490202,-17.630059796,-18.4872602931,-4.67149468617,-3.43111147003,-5.37191075148,-5.33848630709,-1.36123024046,-5.15839201533,-4.94532569889,-4.58768807696,-4.79829850035,-4.85684110773,-5.04484090718,-4.29238294425,-4.77037674029,-4.1575017301,-4.24858541738,-2.11401987809,-3.75143660558,-3.90210793205,-4.03304243319,-4.25447754961
100475,-0.983070037463,-48.7713514552,-48.2169061559,-22.5342523302,-53.8876667436,-47.9657618538,-52.4229140596,-50.8410213732,-46.8171345182,-48.9349912143,-45.6119152769,-49.351252219,-60.5398571832,-50.6977140621,-43.7779735461,-45.0125270577,-43.633313853,-40.0582799604,-39.5595691786,-38.4916181872,-2.60554363926,-2.65234189463,1.39828735736,-2.99193510318,-2.52282881067,-2.86007511939,-2.83132361352,-2.54439173027,-2.69524599311,-2.76627012786,-2.82099470425,-2.43094920495,-2.68159539843,-2.36957033755,-2.43742797224,-2.34677210306,-2.10547122763,-2.19029700984,-2.22871145285,-2.35176095186
132997,nan,nan,nan,nan,nan,nan,nan,nan,nan,nan,nan,nan,nan,nan,nan,nan,nan,nan,nan,nan,nan,nan,nan,nan,nan,nan,nan,nan,nan,nan,nan,nan,nan,nan,nan,nan,nan,nan,nan,nan
133860,nan,nan,nan,nan,nan,nan,nan,nan,nan,nan,nan,nan,nan,nan,nan,nan,nan,nan,nan,nan,nan,nan,nan,nan,nan,nan,nan,nan,nan,nan,nan,nan,nan,nan,nan,nan,nan,nan,nan,nan
133858,nan,nan,nan,nan,nan,nan,nan,nan,nan,nan,nan,nan,nan,nan,nan,nan,nan,nan,nan,nan,nan,nan,nan,nan,nan,nan,nan,nan,nan,nan,nan,nan,nan,nan,nan,nan,nan,nan,nan,nan
135795,nan,nan,nan,nan,nan,nan,nan,nan,nan,nan,nan,nan,nan,nan,nan,nan,nan,nan,nan,nan,nan,nan,nan,nan,nan,nan,nan,nan,nan,nan,nan,nan,nan,nan,nan,nan,nan,nan,nan,nan
115294,0.449274120005,-16.0505856785,-14.281937379,-9.31676236272,-15.1194781377,-16.9494829883,-17.0476997524,-14.354865067,-13.3467872245,-15.8790788421,-15.5288893737,-13.0173001321,-15.2781318445,-11.6851957619,-18.9148113668,-10.8837212616,-9.95530423679,12.9109036326,-11.9167628873,-6.09645569406,-4.04574038277,-3.71916480051,-3.7483066629,-4.01554367739,-4.17473951344,-4.28197906304,-3.79655157629,-3.55354701028,-3.97637116061,-3.65746719095,-3.50561614443,-4.83141332019,-3.48571115427,-4.27649882843,-3.13503263481,-2.96116274018,0.499063425921,-3.07200518782,-2.11926478071,-3.46616065279
135810,nan,nan,nan,nan,nan,nan,nan,nan,nan,nan,nan,nan,nan,nan,nan,nan,nan,nan,nan,nan,nan,nan,nan,nan,nan,nan,nan,nan,nan,nan,nan,nan,nan,nan,nan,nan,nan,nan,nan,nan
115242,-0.0109391919483,-23.4009765079,-24.76788268,-24.0682408884,-27.8321292109,-16.5642246709,-27.5639037396,-27.5600277362,-21.1516127418,-25.3820833604,-24.3309055732,-21.844159307,-23.6876494498,-25.7574720477,-22.2567013575,-23.6534581764,-20.1565657036,-22.3421528361,-21.5781924871,-23.9794078048,-7.0992620681,-7.52228640208,-7.26888431325,-8.45429622881,-5.00040012315,-8.37283655446,-8.3761541764,-6.41342663845,-7.70974452295,-7.40057789751,-6.62602343094,-7.14162532369,-7.81854921426,-6.75764368171,-7.18437770707,-6.11263864339,-6.7883499406,-6.55814670517,-7.30021972116,-7.15291806806
135794,nan,nan,nan,nan,nan,nan,nan,nan,nan,nan,nan,nan,nan,nan,nan,nan,nan,nan,nan,nan,nan,nan,nan,nan,nan,nan,nan,nan,nan,nan,nan,nan,nan,nan,nan,nan,nan,nan,nan,nan
133859,nan,nan,nan,nan,nan,nan,nan,nan,nan,nan,nan,nan,nan,nan,nan,nan,nan,nan,nan,nan,nan,nan,nan,nan,nan,nan,nan,nan,nan,nan,nan,nan,nan,nan,nan,nan,nan,nan,nan,nan
119730,0.248730942437,-21.7923290571,-17.5998597009,-18.0050510218,-13.6849623681,-15.1047155909,-19.0505730353,-19.0482687065,-17.9791337634,-19.6496217028,-18.4126442831,-18.2915484368,-16.3492916158,-18.3537628923,-15.7882484327,-16.7165442114,-15.5896903012,-14.1479539925,-15.2844943965,-14.5485615982,-9.8520837965,-8.29584393154,-9.43952913979,-7.15182934429,-7.50402130841,-9.00900298951,-8.89120929287,-8.39202636428,-9.04309702697,-8.25747915262,-8.5022957459,-9.12943215547,-8.75632254304,-7.49630158826,-7.87614495767,-7.43234753152,-6.80545212008,-7.0908558584,-6.70717155686,-8.19118138968
135796,nan,nan,nan,nan,nan,nan,nan,nan,nan,nan,nan,nan,nan,nan,nan,nan,nan,nan,nan,nan,nan,nan,nan,nan,nan,nan,nan,nan,nan,nan,nan,nan,nan,nan,nan,nan,nan,nan,nan,nan
140453,nan,nan,nan,nan,nan,nan,nan,nan,nan,nan,nan,nan,nan,nan,nan,nan,nan,nan,nan,nan,nan,nan,nan,nan,nan,nan,nan,nan,nan,nan,nan,nan,nan,nan,nan,nan,nan,nan,nan,nan
120576,0.0895130963333,-25.8248314888,-21.5169512452,-23.7949582198,-49.5304514742,-18.3286073909,-23.3022149373,-23.097416395,-21.8060326124,-22.641905985,-23.3453249975,-20.8492743289,-22.8605802625,-22.4722084248,-19.3525668608,-20.4369525121,-19.1081698309,-17.4848422606,-18.4637927363,-17.4474307088,-4.17983992389,-3.52574616883,-4.01761597781,-7.72757098761,-3.06409293194,-3.8225852079,-3.77425085946,-3.56313633865,-3.69750404662,-3.74834630777,-3.42093881142,-3.91989366207,-3.69782445525,-3.17863679065,-3.3482696853,-3.1431424609,-2.88308831762,-3.01146356876,-2.84106487415,-3.71394796719
135812,nan,nan,nan,nan,nan,nan,nan,nan,nan,nan,nan,nan,nan,nan,nan,nan,nan,nan,nan,nan,nan,nan,nan,nan,nan,nan,nan,nan,nan,nan,nan,nan,nan,nan,nan,nan,nan,nan,nan,nan
135807,nan,nan,nan,nan,nan,nan,nan,nan,nan,nan,nan,nan,nan,nan,nan,nan,nan,nan,nan,nan,nan,nan,nan,nan,nan,nan,nan,nan,nan,nan,nan,nan,nan,nan,nan,nan,nan,nan,nan,nan
100664,0.105885736916,-21.7149070181,-18.7500775261,-28.444329355,-24.2141861292,-21.5673664256,-23.1870045242,-23.0770575821,-20.9365858273,-21.8777432188,-22.7553297438,-26.3084970281,-17.8270316678,-21.5784935737,-19.4269352903,-19.8062798186,-19.3960998094,-17.1601275604,-18.0972579202,-17.8238721441,-8.42602190951,-7.36592472336,-11.1329205195,-9.34796527241,-8.37320831167,-8.98363269252,-8.89661052409,-8.1054012742,-8.45787246533,-8.61317069356,-9.96035620901,-7.58065021432,-8.42474101281,-7.53053764625,-7.68437568213,-7.52225227034,-6.69927183841,-6.97546878711,-6.82832960379,-8.25835324475
118759,0.237625144441,-19.5283589805,-17.7117213063,-15.6969638092,-19.8181307356,-21.116706384,-16.1404486522,-19.5596585636,-18.4239343829,-18.0671560026,-16.4470901962,-17.8154735702,-17.5095366314,-16.8281581369,-19.9441035257,-16.4412808607,-60.5038101933,-15.7125918906,-15.670683298,-23.4532022722,-2.20024576462,-2.02349190428,-2.08510988563,-2.25823108458,-2.33588394757,-1.93631477959,-2.20311447565,-2.07616558743,-2.06086879463,-1.83883935208,-2.02398837447,-2.30447016862,-1.99350433647,-2.17696679166,-1.88832010509,-5.66871242498,-1.78559693011,-1.75550772878,-2.39573393888,-2.26374033553
120588,-0.114781727649,-29.9678200654,-26.4395469019,-30.8223752811,-28.9373702308,-26.8184970055,-28.8450363737,-27.9311041255,-26.5538561557,-27.3262027708,-27.8244188325,-25.9438410828,-34.0042120318,-27.8052984762,-24.1313415751,-25.1952384987,-22.7455823793,-120.532922559,-22.4016248407,-22.5039805361,-1.15727846773,-1.01123619981,-1.1423095414,-1.1052578194,-1.02279670237,-1.10261105436,-1.07010199349,-1.01819577011,-1.04753856541,-1.08869128368,-0.992053845554,-1.26321532228,-1.05860759887,-0.921764863533,-0.964208045574,-0.862162497627,-5.05253630616,-0.860660569982,-0.872125905324,-1.24280801856
115241,0.0553834609445,-21.7186249073,-23.1474020106,-21.6857325711,-26.0391522887,-14.9051402478,-24.7066021674,-24.6156368773,-21.5576682746,-23.7406407647,-22.9567812705,-20.2557337652,-21.1008357275,-23.9886932167,-20.586266152,-21.3064938336,-19.4557570118,-18.1356978681,-18.9459652837,-19.0265455061,-8.19488456109,-8.68158182372,-8.38916561082,-9.75760475849,-5.77948128246,-9.28019890758,-9.22162497766,-8.10998108561,-8.8983152126,-8.54126577909,-7.64881069021,-8.24272785355,-9.02389184025,-7.7369494037,-8.00444458979,-7.33761439988,-6.8424525375,-7.10415939358,-7.1043922624,-8.09997615632
120577,nan,nan,nan,nan,nan,nan,nan,nan,nan,nan,nan,nan,nan,nan,nan,nan,nan,nan,nan,nan,nan,nan,nan,nan,nan,nan,nan,nan,nan,nan,nan,nan,nan,nan,nan,nan,nan,nan,nan,nan
140452,nan,nan,nan,nan,nan,nan,nan,nan,nan,nan,nan,nan,nan,nan,nan,nan,nan,nan,nan,nan,nan,nan,nan,nan,nan,nan,nan,nan,nan,nan,nan,nan,nan,nan,nan,nan,nan,nan,nan,nan
135797,nan,nan,nan,nan,nan,nan,nan,nan,nan,nan,nan,nan,nan,nan,nan,nan,nan,nan,nan,nan,nan,nan,nan,nan,nan,nan,nan,nan,nan,nan,nan,nan,nan,nan,nan,nan,nan,nan,nan,nan
119731,0.163460735857,-20.883187379,-22.9769907932,-20.267096586,-22.5479283689,-23.742323852,-26.5240602122,-21.5092660445,-19.8709200432,-21.0528237929,-18.8746627691,-20.1184669662,-21.1535285553,-20.1954688084,-19.4361244851,19.7461165151,-16.9255644966,-18.9054223671,-18.2141153989,-13.450622247,-2.79292923542,-3.008284751,-2.91554065893,-3.00809987822,-3.11093042035,-3.44679771709,-2.8629245639,-2.65411885645,-2.79969774872,-2.48306025599,-2.68189749752,-3.0709337062,-2.73906635749,-2.57884996693,1.78052414849,-2.29997415345,-2.49537786172,-2.39464851219,-1.83696716846,-2.49471448219
120585,0.896651574097,-0.858041663066,-1.97701243426,-30.9897407016,-3.11722022306,0.0384183972499,-2.23107296957,-2.98677722454,-3.1382132818,36.0891272289,-6.03362505898,-6.096239663,14.3119582097,-0.719957520111,-1.42210367398,-1.3135231894,-1.57487456371,0.49593015706,-1.81925688048,-3.59156715469,-1.8749957707,-1.89272446062,-5.01035340417,-2.16904313944,-1.80026263462,-2.07990391642,-2.04440225556,-1.95484156981,1.10211172382,-1.95076397672,-2.19003977737,-1.63852382968,-1.95315349646,-1.71438957917,-1.75026270457,-1.73109433009,-1.46765543355,-1.55915984089,-1.59709168209,-1.85666053043
100669,0.0425406920867,-23.154195385,-20.2265856871,-29.2449694043,-26.0197864659,-22.7857187239,-24.9794623328,-24.6704713295,-22.7942420382,-23.5198372014,-24.3998812028,-24.7288704761,-19.6937180775,-23.3395428796,-20.7249360732,-21.432576135,-19.8970173097,-18.1772130178,-19.1541061876,-19.6173381505,-10.3051638716,-9.04224504678,-13.0848478352,-11.5528821635,-10.1475548267,-11.105722189,-10.950057899,-10.1264216623,-10.4485816109,-10.749710358,-10.9492127748,-9.07960037746,-10.4066460562,-9.21997326286,-9.5321876007,-8.86910005929,-8.11257136236,-8.5045323663,-8.67540054554,-10.0453900984
140448,nan,nan,nan,nan,nan,nan,nan,nan,nan,nan,nan,nan,nan,nan,nan,nan,nan,nan,nan,nan,nan,nan,nan,nan,nan,nan,nan,nan,nan,nan,nan,nan,nan,nan,nan,nan,nan,nan,nan,nan
120586,0.802686531553,-3.25048202928,-4.26354511469,-33.1217454433,-5.65794537205,-2.32996192706,-4.74573352679,-5.37555580849,-4.44770088429,-4.84679391342,-8.05901693763,-8.36905088524,10.6468897367,-3.22474492411,-3.53895087641,-3.48897978609,-6.29800188133,-3.13419313188,-3.83456633001,-5.32575367252,-2.60385228381,-2.62713858759,-6.81996353233,-3.01173389562,-2.49796967783,-2.88784335486,-2.83857591199,-2.61017470672,-2.72069474177,-2.71733273924,-3.04270639703,-2.27501229912,-2.71177540867,-2.38039056862,-2.43017951942,-2.68986304605,-2.21818824684,-2.18084899337,-2.21749428066,-2.81482832587
103174,0.0877264923878,-21.5744947408,-19.7951773257,-27.7571471051,-24.9445191736,-20.5026207929,-23.9779671511,-23.5419323141,-21.3890775911,-22.3995955073,-22.9777441743,-25.960705332,-18.5873880691,-22.4501974965,-19.6627328489,-20.1420054417,-20.1158035317,-17.8770163873,-18.1863166507,-18.8913785895,-8.75901994243,-8.07206036402,-11.3727409284,-10.0512367085,-8.36295238472,-9.68701200765,-9.48324269046,-8.64495609217,-9.04111002705,-9.12343973901,-10.3274422469,-8.09864328016,-9.12170280975,-7.96233636892,-8.15888728754,-8.13113437162,-7.262287247,-7.33429417611,-7.54714852207,-8.76534985234
118756,-0.163507092358,-29.7194174871,-27.493107728,-30.1816252565,-31.1692459883,-31.6996839054,-81.0554055801,-29.7585636616,-28.4701457626,-28.8220862856,-42.5986491219,-27.4436012178,-33.8097648572,-27.0113880196,-27.4874192307,-25.7263295682,-85.9443019143,-23.6221492803,-23.8078017511,-31.0533941467,-1.27875317902,-1.17555682728,-1.2160495139,-1.33805785069,-1.37822914669,-3.83561829217,-1.28064127129,-1.22787632892,-1.23931904908,-1.96148764721,-1.17645294307,-1.37218688069,-1.13304263561,-1.19072523802,-1.09751551075,-4.1143085571,-1.00826527585,-1.02814400095,-1.40238354777,-1.55024282611
120587,0.301692667785,-19.3779241773,-16.2707550376,-15.8685404313,-17.6706943328,-16.2696386781,-17.6966764733,-17.3433922261,-16.5607001348,-17.0186275798,-19.2048651681,-15.9463489561,-17.750164614,-16.6997296351,-14.7502958704,-15.5531033866,-14.2730933422,-13.1697519804,-14.1198359162,-14.8170145,-10.2393491091,-8.94891329154,-10.1092558755,-9.77758742504,-9.05668953676,-9.75710585316,-9.47005300474,-9.01055627167,-9.26998119545,-9.63625230702,-8.77899477194,-11.1756362388,-9.3685332294,-8.15746131578,-8.53286601888,-7.98416737973,-7.40702170968,-7.61880209475,-7.71792358191,-9.05353422162
100643,0.219069867615,-19.4840840471,-19.821469362,-18.0036496728,-20.3730388858,-22.3494622024,-24.8659878255,-20.1006534164,-18.541461913,-19.7508825846,-17.755401418,-18.7685016834,-19.8696554305,-18.6044866303,-18.2489271448,-2.90957669043,-15.6305788155,-17.8360241512,-16.9625468538,-11.9738408262,-6.20599435262,-6.2353807347,-6.40872105802,-6.51392080035,-6.9130446128,-7.61254615622,-6.35920093262,-5.89541851096,-6.23591278044,-5.52233200818,-5.9521530637,-7.03917792269,-6.05610786398,-5.74328185965,-1.97724432613,-5.09814705571,-5.56875293393,-5.28208583504,-3.96792627663,-5.82038679391
120578,nan,nan,nan,nan,nan,nan,nan,nan,nan,nan,nan,nan,nan,nan,nan,nan,nan,nan,nan,nan,nan,nan,nan,nan,nan,nan,nan,nan,nan,nan,nan,nan,nan,nan,nan,nan,nan,nan,nan,nan
119528,0.0978007275863,-21.6041160196,-19.4138400658,-27.8947385955,-24.665131326,-20.3938472558,-23.7056265534,-23.278094028,-21.151876117,-22.1165133751,-22.9341191604,-24.369884272,-18.0806622054,-22.2891881571,-19.4583007996,-19.8839787765,-20.2137271589,-17.7014503615,-17.9744344884,-18.6827284508,-9.01895588189,-8.16237183611,-11.7583306002,-10.224148595,-8.56396303057,-9.8551994051,-9.6459920055,-8.79764794299,-9.18638561201,-9.34456671469,-10.0027723841,-8.197508277,-9.32133014236,-8.10983692974,-8.29211531616,-8.39502606667,-7.40334681088,-7.45813047647,-7.67046981509,-8.91621567592
103616,-0.108942019122,-25.9143992281,-21.8359152142,-33.0048388455,-30.2757080182,-29.9436853674,-14.2884151061,-28.5918225384,-26.0958256471,-26.9542050667,-42.8553345193,-26.2146254894,-27.2949346719,-28.1298104666,-24.4269573117,-25.3362084645,-23.0608286312,-21.2390975306,-22.1941264016,-22.3926027322,-4.04411316723,-3.3505115142,-5.08324537844,-4.77537642138,-4.74910361319,-1.98706262541,-4.51176064379,-4.10284165882,-4.23848057108,-7.09369043281,-4.12342686398,-4.02659398659,-4.40734330329,-3.83919293558,-3.98615210169,-3.59926819204,-3.30753496404,-3.49905258724,-3.56120004244,-4.1203132107
125598,nan,nan,nan,nan,nan,nan,nan,nan,nan,nan,nan,nan,nan,nan,nan,nan,nan,nan,nan,nan,nan,nan,nan,nan,nan,nan,nan,nan,nan,nan,nan,nan,nan,nan,nan,nan,nan,nan,nan,nan
120594,0.163865156446,-21.1176185097,-22.5457725615,-19.5681887196,-22.7037083857,-23.6185344736,-27.3114529664,-21.6070408453,-19.8619567505,-21.0653915415,-21.8349836993,-19.8131881056,-21.4249782009,-20.2878257099,-20.6016009762,-17.507214257,-17.6046312551,-17.8346897461,-15.5946436706,-12.1912543617,-8.02358694877,-8.42489687597,-8.07755907998,-8.61099723812,-8.8146130564,-10.0595147719,-8.17935633026,-7.55124302938,-7.97234698735,-8.00649387706,-7.53623564186,-8.82800667502,-7.82541819406,-7.70963564598,-6.76013218933,-6.76187025927,-6.7622983842,-5.98404525324,-4.82889304189,-7.72195492
100644,0.145273725852,-24.8634962543,-19.7581266468,-20.069668675,-22.7746625355,-23.4659719455,-16.1928127873,-22.0566209148,-20.9242731877,-18.6657974031,-20.5512684171,-20.0514465876,-22.040731445,-19.4774631521,-23.5557630008,-19.3078138958,-16.1908812361,-16.6574532065,-16.9440062385,-19.0549649225,-9.65717929564,-7.88153698613,-8.55149672668,-9.03015870363,-9.18203032598,-6.79120665459,-8.70834497105,-8.25521289392,-7.52843482819,-7.96760143008,-7.96047621527,-9.37035415683,-7.89725368273,-9.07303222189,-7.66715911543,-6.58548030213,-6.67469831791,-6.7079816955,-7.35098651973,-8.04424342333
103167,-0.501582825084,-37.9056092296,-39.4782731987,-44.476418338,-40.3056495892,-40.5469741299,-45.0867168328,-39.089311033,-4.77387861161,-37.3653076319,-34.0277440325,-35.9180498488,-32.0423675501,-38.3223484782,-35.7463827907,-32.847401796,-32.0528780038,-32.0765770375,-32.76216619,-41.9477162437,-2.9277999264,-3.16910978133,-3.07996390991,-3.11276933637,-3.23818609212,-3.68466345786,-3.06505400336,0.845041635982,-2.90383154053,-2.75123648731,-2.77885562537,-1.45203429808,-2.90314235262,-2.84509477189,-2.47120380573,-2.41149154779,-2.49572043815,-2.6511010332,-3.80431169753,-2.67897518261
120782,-0.209979547096,-32.1328813059,-28.4265370901,-33.189925184,-32.3634058778,-32.4697975566,-25.3680771609,-31.1015285661,-28.8552556499,-28.954834767,-28.158471702,-29.4507440941,-27.7130082843,-28.8464698336,-31.3173404752,-27.2751344334,-24.1173932162,-24.8883010938,-24.030692391,-26.4977548989,-10.0328677443,-8.72367838787,-9.6036628946,-9.99212048308,-10.16304751,-7.39385788436,-9.64604401809,-8.91732381545,-8.89537646765,-8.91481953239,-9.1395710884,-7.30938537891,-8.70386734807,-9.95456796714,-8.39193269519,-7.25374923468,-7.65211549441,-7.4328321432,-8.46998204405,-8.76793695431
100645,0.111272099355,-21.0858894683,-17.493233757,-22.9909114998,-50.0242350542,-17.7769942258,-22.7195011316,-22.5442641273,-21.2839025982,-23.1527070766,-21.2681066561,-21.5547259557,-22.0108677488,-21.8924288129,-18.8628540704,-19.9332453049,-18.616391207,-17.0234442432,-18.0308187665,-17.0456737524,-3.48441727646,-2.94475055415,-3.93212342991,-7.72714962802,-3.00145489879,-3.74434555952,-3.69705207877,-3.49024698585,-3.77476044336,-3.43466102743,-3.5298544417,-3.83957212632,-3.62225544735,-3.11368165656,-3.27978917072,-3.07881707187,-2.82408398987,-2.94986902161,-2.78292917134,-3.59220073577
130497,nan,nan,nan,nan,nan,nan,nan,nan,nan,nan,nan,nan,nan,nan,nan,nan,nan,nan,nan,nan,nan,nan,nan,nan,nan,nan,nan,nan,nan,nan,nan,nan,nan,nan,nan,nan,nan,nan,nan,nan
120733,0.153370400308,-20.3054941369,-11.7831140361,-21.8616344189,-23.3692971451,-2.00615571163,-22.6103633006,-21.2776262313,-20.1826685165,-21.1758224815,-21.3731991057,-32.1776002404,-15.7262631933,-20.6131010385,-18.4293345367,-18.482015315,-21.1354779589,-15.8890393132,-16.9260232855,-17.8798333436,-3.85714042166,-2.47457122723,-4.36160920945,-4.38490185989,-0.939627729681,-4.25746728454,-4.01227280323,-3.80285979831,-3.97954719881,-3.91226018174,-5.71464268661,-3.4596015376,-3.9367940158,-3.48756100094,-3.51124821646,-3.92040141003,-3.05019343325,-3.18379823827,-3.30052984165,-3.66036989974
100352,0.364279137387,-17.8369740944,-14.7596924902,-13.6612204066,-15.7451646237,-14.4336351102,-16.0073308882,-15.7464197842,-15.063971313,-15.4930969838,-17.6924233187,-14.4824092802,-16.6196856487,-14.9435968924,-13.3160606508,-14.1331844424,-12.809667416,-11.8097729656,-12.8873715068,-13.6757617505,-9.51665216439,-8.30803940595,-9.39258081843,-8.9887174238,-8.31471843393,-9.04683723425,-8.78347478606,-8.36099814533,-8.60811626707,-8.8637025884,-8.15788999561,-10.8282313101,-8.66075238179,-7.55924762183,-7.92629832009,-7.38964658727,-6.85987169951,-7.07266291677,-7.16493358102,-8.41070377272
119159,-0.46943979572,-35.3481284553,-35.5850040947,-23.5113273914,-40.5343970118,-47.1512757155,-38.4943976833,-37.77620451,-35.5954327208,-38.0274392932,-34.7845519801,-36.4871630423,-40.1052810529,-36.3959025749,-29.640967691,-33.0649550984,-30.8120072815,11.7450967822,-28.4473050072,-28.9927982221,-2.11743508602,-2.18124095593,-0.601730864545,-2.5177810946,-3.18686236398,-2.34458990355,-2.33661983449,-2.20007024065,-2.38799462747,-2.26625167045,-2.28031758471,-1.97061487389,-2.15897795064,-1.72397513302,-2.00701783391,-1.82712060768,1.96167905604,-1.72751773341,-1.83809638262,-1.87960714134
103504,0.0438862768214,-22.046936968,-18.1027462484,-27.5175903773,-25.9507377918,-23.5806871969,-24.7936565815,-24.706433297,-22.4288843959,-23.1720594672,-20.9092851704,-23.7571882608,-19.21340478,-24.0538764681,-20.9240715279,-21.2224326179,-20.4210409567,-18.0001194012,-19.1528221531,-19.5717950876,-11.0105060033,-9.11474859108,-13.8299673335,-12.8999465755,-11.7385245017,-12.344374734,-12.2749125372,-11.162446519,-11.5314421812,-10.3715217965,-11.7940623683,-9.94711544826,-11.9906776681,-10.416488104,-10.5713702258,-10.1787127009,-8.99877727587,-9.51971299807,-9.68877193204,-11.0202147102
130496,nan,nan,nan,nan,nan,nan,nan,nan,nan,nan,nan,nan,nan,nan,nan,nan,nan,nan,nan,nan,nan,nan,nan,nan,nan,nan,nan,nan,nan,nan,nan,nan,nan,nan,nan,nan,nan,nan,nan,nan
100806,-0.181249585102,-31.3582655152,-27.7308369721,-32.1451694004,-31.5876298622,-31.7619679045,-24.0303703525,-30.3756374285,-28.1683730561,-28.2544198411,-27.5805280321,-28.8683747491,-27.1221025572,-28.0583780055,-30.2069579203,-26.6547408366,-23.4565904136,-24.2870994981,-23.435088838,-25.7180015896,-10.1129761896,-8.81012717339,-9.69147028937,-10.0889491046,-10.2691031699,-7.25027924303,-9.7409281438,-9.00439996598,-8.98530742306,-9.00735979362,-9.26840119687,-7.58025843907,-8.77965498394,-9.87562535777,-8.48991986028,-7.31937225937,-7.72895908405,-7.49560852621,-8.45749035396,-8.83979950305
100807,-0.181268813213,-31.3629865642,-27.7314578931,-32.1457649886,-31.5881243376,-31.7624371571,-24.0315541607,-30.3761247879,-28.1688332234,-28.2548838976,-27.5809171572,-28.8687564879,-27.1224185826,-28.0587026395,-30.2054799083,-26.6551842268,-23.4570075324,-24.287517667,-23.4355212049,-25.7184984091,-10.1141655551,-8.80982678425,-9.69104101785,-10.0885299996,-10.2686793371,-7.25023787738,-9.74053216109,-9.00403398631,-8.98493821257,-9.00699072669,-9.26799478765,-7.5797866654,-8.7792274639,-9.87450202492,-8.48957454612,-7.31906860977,-7.72864934931,-7.49532304423,-8.45720067813,-8.83948962249
