,Quarter,Sharpe,ID
0,2013Q1,-0.273268951068,108465
1,2013Q2,-0.203134184915,108465
2,2013Q3,-0.0847408626455,108465
3,2013Q4,0.319129857582,108465
4,2014Q1,-0.207470394388,108465
5,2014Q2,0.41588192325,108465
6,2014Q3,0.458352192988,108465
7,2014Q4,0.232327083815,108465
8,2015Q1,-0.13032093818,108465
9,2015Q2,-0.273736452911,108465
10,2015Q3,-0.0543868837534,108465
11,2015Q4,-0.157335896401,108465
12,2016Q1,-0.661560227264,108465
13,2016Q2,0.178680533573,108465
14,2016Q3,0.396186421477,108465
15,2016Q4,-0.130948739353,108465
16,2017Q1,-0.161398777086,108465
17,2017Q2,0.138043291401,108465
18,2017Q3,0.190051943088,108465
19,2017Q4,0.165364964734,108465
0,2013Q1,-0.183826531445,119783
1,2013Q2,0.317672790611,119783
2,2013Q3,0.225647981844,119783
3,2013Q4,0.439881437068,119783
4,2014Q1,0.419843307674,119783
5,2014Q2,0.0980301957521,119783
6,2014Q3,1.16580060756,119783
7,2014Q4,0.680571370738,119783
8,2015Q1,0.5035136024,119783
9,2015Q2,0.482408822071,119783
10,2015Q3,0.257652024966,119783
11,2015Q4,0.0705327012589,119783
12,2016Q1,-0.542848626483,119783
13,2016Q2,-0.153069652263,119783
14,2016Q3,0.240442254402,119783
15,2016Q4,-0.292582141586,119783
16,2017Q1,-0.225101186991,119783
17,2017Q2,-0.347729940057,119783
18,2017Q3,-0.29617166729,119783
19,2017Q4,0.0805694191741,119783
0,2013Q1,-0.109098992933,119730
1,2013Q2,0.16911973134,119730
2,2013Q3,0.0374594587215,119730
3,2013Q4,-0.0442659056393,119730
4,2014Q1,-0.0134152110897,119730
5,2014Q2,0.166662186936,119730
6,2014Q3,0.255814281739,119730
7,2014Q4,0.251620134375,119730
8,2015Q1,0.156557453386,119730
9,2015Q2,-0.354500360655,119730
10,2015Q3,-0.332059172803,119730
11,2015Q4,0.0337086322587,119730
12,2016Q1,-0.191041859851,119730
13,2016Q2,0.158749738418,119730
14,2016Q3,0.30445986649,119730
15,2016Q4,-0.232058119342,119730
16,2017Q1,0.139096729503,119730
17,2017Q2,0.349231130484,119730
18,2017Q3,0.113638065249,119730
19,2017Q4,0.259825893439,119730
0,2013Q1,-0.25583242944,118756
1,2013Q2,0.139239862229,118756
2,2013Q3,0.0533902186275,118756
3,2013Q4,0.244260397738,118756
4,2014Q1,0.21854769444,118756
5,2014Q2,-0.0741550398953,118756
6,2014Q3,0.659153991456,118756
7,2014Q4,0.483865793648,118756
8,2015Q1,-0.0109143344204,118756
9,2015Q2,-0.0817403360904,118756
10,2015Q3,0.266006254708,118756
11,2015Q4,0.0867200303691,118756
12,2016Q1,-0.512940547485,118756
13,2016Q2,-0.456274066072,118756
14,2016Q3,0.226704632251,118756
15,2016Q4,-0.0551177589189,118756
16,2017Q1,-0.362286936229,118756
17,2017Q2,-0.477726504383,118756
18,2017Q3,-0.0966296625982,118756
19,2017Q4,0.193154313161,118756
0,2013Q1,-0.242399456051,119564
1,2013Q2,-0.192388000805,119564
2,2013Q3,-0.170437686109,119564
3,2013Q4,0.481740236381,119564
4,2014Q1,0.125077935265,119564
5,2014Q2,0.78556273556,119564
6,2014Q3,0.578514017766,119564
7,2014Q4,0.327487385386,119564
8,2015Q1,0.301496146519,119564
9,2015Q2,-0.201360639322,119564
10,2015Q3,-0.00168598966405,119564
11,2015Q4,-0.179704435484,119564
12,2016Q1,-0.401206099879,119564
13,2016Q2,0.292395386828,119564
14,2016Q3,0.473882089181,119564
15,2016Q4,-0.155972171539,119564
16,2017Q1,0.20006622129,119564
17,2017Q2,0.324762650376,119564
18,2017Q3,0.248077718471,119564
19,2017Q4,0.115433129337,119564
0,2013Q1,-0.208415117964,100669
1,2013Q2,-0.126781973083,100669
2,2013Q3,-0.200940620205,100669
3,2013Q4,0.344951372766,100669
4,2014Q1,0.129117200587,100669
5,2014Q2,0.699502487279,100669
6,2014Q3,0.700910794741,100669
7,2014Q4,0.390595622889,100669
8,2015Q1,0.302300405305,100669
9,2015Q2,-0.183274416844,100669
10,2015Q3,-0.00899411514298,100669
11,2015Q4,-0.225164971119,100669
12,2016Q1,-0.495713814296,100669
13,2016Q2,0.301917902096,100669
14,2016Q3,0.460383338583,100669
15,2016Q4,-0.338112546432,100669
16,2017Q1,0.0850513050633,100669
17,2017Q2,0.334618223615,100669
18,2017Q3,0.184244606838,100669
19,2017Q4,0.0890928071338,100669
0,2013Q1,-0.120715540854,120585
1,2013Q2,-0.117309887944,120585
2,2013Q3,-0.0750127310311,120585
3,2013Q4,0.320519626847,120585
4,2014Q1,0.0576867480751,120585
5,2014Q2,0.521436008708,120585
6,2014Q3,0.456562808054,120585
7,2014Q4,0.235507550592,120585
8,2015Q1,-0.0683823764064,120585
9,2015Q2,-0.244966567469,120585
10,2015Q3,-0.0430108106171,120585
11,2015Q4,-0.142369563104,120585
12,2016Q1,-0.348173604833,120585
13,2016Q2,0.25011976807,120585
14,2016Q3,0.398215402802,120585
15,2016Q4,-0.117525459363,120585
16,2017Q1,0.0235934832946,120585
17,2017Q2,0.200993347349,120585
18,2017Q3,0.1962707436,120585
19,2017Q4,0.171897791695,120585
0,2013Q1,0.0,130496
1,2013Q2,0.0,130496
2,2013Q3,0.0,130496
3,2013Q4,0.0,130496
4,2014Q1,0.0,130496
5,2014Q2,-0.00808592682206,130496
6,2014Q3,0.0427971586474,130496
7,2014Q4,0.156534258101,130496
8,2015Q1,0.130602927552,130496
9,2015Q2,-0.182383366872,130496
10,2015Q3,-0.139801788673,130496
11,2015Q4,-0.260438944737,130496
12,2016Q1,-0.538576626875,130496
13,2016Q2,0.285187565543,130496
14,2016Q3,0.357319762967,130496
15,2016Q4,-0.178992143966,130496
16,2017Q1,0.157440564451,130496
17,2017Q2,0.36232601738,130496
18,2017Q3,0.112194259658,130496
19,2017Q4,0.118832227976,130496
0,2013Q1,0.0,140453
1,2013Q2,0.0,140453
2,2013Q3,0.0,140453
3,2013Q4,0.0,140453
4,2014Q1,0.0,140453
5,2014Q2,0.0,140453
6,2014Q3,0.0,140453
7,2014Q4,0.0,140453
8,2015Q1,0.0,140453
9,2015Q2,0.0,140453
10,2015Q3,0.0,140453
11,2015Q4,0.0,140453
12,2016Q1,0.0,140453
13,2016Q2,0.0,140453
14,2016Q3,0.0,140453
15,2016Q4,0.0,140453
16,2017Q1,0.151053765857,140453
17,2017Q2,0.234919882641,140453
18,2017Q3,0.137123599534,140453
19,2017Q4,0.156481722798,140453
0,2013Q1,0.0,130497
1,2013Q2,0.0,130497
2,2013Q3,0.0,130497
3,2013Q4,0.0,130497
4,2014Q1,0.0,130497
5,2014Q2,-0.00808587372883,130497
6,2014Q3,0.0428801587105,130497
7,2014Q4,0.156505474998,130497
8,2015Q1,-0.0567924139741,130497
9,2015Q2,-0.509650532818,130497
10,2015Q3,-0.139827835398,130497
11,2015Q4,-0.260438684392,130497
12,2016Q1,-0.765030439909,130497
13,2016Q2,0.0208743528031,130497
14,2016Q3,0.357312234432,130497
15,2016Q4,-0.178989842719,130497
16,2017Q1,-0.0424517872238,130497
17,2017Q2,0.01044653172,130497
18,2017Q3,0.112204882253,130497
19,2017Q4,0.118834015626,130497
0,2013Q1,-4.16927016129,103308
1,2013Q2,-3.02470885472,103308
2,2013Q3,-4.68106917664,103308
3,2013Q4,4.37896361978,103308
4,2014Q1,-0.923685551544,103308
5,2014Q2,6.32486320504,103308
6,2014Q3,2.84597647306,103308
7,2014Q4,2.92735758245,103308
8,2015Q1,1.09841478079,103308
9,2015Q2,-2.51159213398,103308
10,2015Q3,-4.61779231455,103308
11,2015Q4,-3.48219418346,103308
12,2016Q1,-3.85196028425,103308
13,2016Q2,2.57613916016,103308
14,2016Q3,1.21358438876,103308
15,2016Q4,-2.61624489325,103308
16,2017Q1,1.71139263409,103308
17,2017Q2,2.87044767029,103308
18,2017Q3,-1.27405178277,103308
19,2017Q4,-0.700833479306,103308
0,2013Q1,-0.21963329224,120587
1,2013Q2,0.274334785596,120587
2,2013Q3,0.0734691463186,120587
3,2013Q4,-0.035233852031,120587
4,2014Q1,0.00260787357444,120587
5,2014Q2,0.2144291754,120587
6,2014Q3,0.317113702865,120587
7,2014Q4,0.453964590948,120587
8,2015Q1,0.363115660167,120587
9,2015Q2,-0.151014687247,120587
10,2015Q3,-0.0102870178368,120587
11,2015Q4,-0.0255393565209,120587
12,2016Q1,-0.360281659493,120587
13,2016Q2,0.262845999614,120587
14,2016Q3,0.449691179032,120587
15,2016Q4,-0.387060862668,120587
16,2017Q1,0.199708700361,120587
17,2017Q2,0.471246919445,120587
18,2017Q3,0.206588429714,120587
19,2017Q4,0.110698764089,120587
0,2013Q1,-0.219242904131,120588
1,2013Q2,0.274133204048,120588
2,2013Q3,0.0733022847417,120588
3,2013Q4,-0.035153952421,120588
4,2014Q1,0.0023479952291,120588
5,2014Q2,0.214654942387,120588
6,2014Q3,0.317011777739,120588
7,2014Q4,0.453950613686,120588
8,2015Q1,0.363060298519,120588
9,2015Q2,-0.151330208239,120588
10,2015Q3,-0.0103227667182,120588
11,2015Q4,-0.025612677691,120588
12,2016Q1,-0.360361783791,120588
13,2016Q2,0.262710169176,120588
14,2016Q3,0.44970295923,120588
15,2016Q4,-0.387001429855,120588
16,2017Q1,-0.0846552007159,120588
17,2017Q2,0.464798089383,120588
18,2017Q3,0.206605010195,120588
19,2017Q4,0.110702862914,120588
0,2013Q1,0.0,135797
1,2013Q2,0.0,135797
2,2013Q3,0.0,135797
3,2013Q4,0.0,135797
4,2014Q1,0.0,135797
5,2014Q2,0.0,135797
6,2014Q3,0.0,135797
7,2014Q4,0.0,135797
8,2015Q1,0.0,135797
9,2015Q2,0.0,135797
10,2015Q3,0.0,135797
11,2015Q4,-0.0105074969889,135797
12,2016Q1,-0.0557647723672,135797
13,2016Q2,0.0574157528344,135797
14,2016Q3,-0.27577415054,135797
15,2016Q4,-0.2708460286,135797
16,2017Q1,0.0250691710076,135797
17,2017Q2,-0.0736187571924,135797
18,2017Q3,0.066249106128,135797
19,2017Q4,0.224974799192,135797
0,2013Q1,0.0,133858
1,2013Q2,0.0,133858
2,2013Q3,0.0,133858
3,2013Q4,0.0,133858
4,2014Q1,0.0,133858
5,2014Q2,0.0,133858
6,2014Q3,0.0,133858
7,2014Q4,0.0,133858
8,2015Q1,-0.224339751884,133858
9,2015Q2,-0.560313797405,133858
10,2015Q3,-0.151456956484,133858
11,2015Q4,-0.278611987888,133858
12,2016Q1,-0.619518229119,133858
13,2016Q2,0.859637993298,133858
14,2016Q3,1.06595770015,133858
15,2016Q4,-0.199063368385,133858
16,2017Q1,0.145414434277,133858
17,2017Q2,0.807927461504,133858
18,2017Q3,0.505763530278,133858
19,2017Q4,0.0312964516516,133858
0,2013Q1,0.0,130498
1,2013Q2,0.0,130498
2,2013Q3,0.0,130498
3,2013Q4,0.0,130498
4,2014Q1,0.0,130498
5,2014Q2,-0.00805934748855,130498
6,2014Q3,0.0443883198825,130498
7,2014Q4,0.158682712114,130498
8,2015Q1,0.131800881799,130498
9,2015Q2,-0.181137163201,130498
10,2015Q3,-0.138208324099,130498
11,2015Q4,-0.258289932413,130498
12,2016Q1,-0.535300906202,130498
13,2016Q2,0.286573781327,130498
14,2016Q3,0.358073592863,130498
15,2016Q4,-0.176584901678,130498
16,2017Q1,0.158251220656,130498
17,2017Q2,0.362408454145,130498
18,2017Q3,0.113137535618,130498
19,2017Q4,0.119729269833,130498
0,2013Q1,-0.181588043144,100664
1,2013Q2,-0.0846796397865,100664
2,2013Q3,-0.117169083641,100664
3,2013Q4,0.198687118859,100664
4,2014Q1,0.0906612425387,100664
5,2014Q2,0.445140840061,100664
6,2014Q3,0.495893572859,100664
7,2014Q4,0.264690102375,100664
8,2015Q1,0.314150074714,100664
9,2015Q2,-0.132868599998,100664
10,2015Q3,-0.0356008764637,100664
11,2015Q4,-0.218263270079,100664
12,2016Q1,-0.423590723209,100664
13,2016Q2,0.246772005323,100664
14,2016Q3,0.334008077756,100664
15,2016Q4,-0.186762997376,100664
16,2017Q1,0.126172485634,100664
17,2017Q2,0.344106851473,100664
18,2017Q3,0.113499283718,100664
19,2017Q4,0.161577670979,100664
0,2013Q1,0.414724678062,119731
1,2013Q2,-0.286304615516,119731
2,2013Q3,0.601275453811,119731
3,2013Q4,0.506327443248,119731
4,2014Q1,0.33650284812,119731
5,2014Q2,-0.213637367321,119731
6,2014Q3,0.526347164926,119731
7,2014Q4,0.346416352533,119731
8,2015Q1,0.279911454148,119731
9,2015Q2,-0.323555853695,119731
10,2015Q3,-0.650334620537,119731
11,2015Q4,-0.016729598148,119731
12,2016Q1,-0.197027930685,119731
13,2016Q2,0.0818353263674,119731
14,2016Q3,-0.0646242254504,119731
15,2016Q4,-0.239495853501,119731
16,2017Q1,0.0202293578089,119731
17,2017Q2,-0.126761368865,119731
18,2017Q3,-0.00407449838131,119731
19,2017Q4,0.194003422519,119731
0,2013Q1,0.0,135812
1,2013Q2,0.0,135812
2,2013Q3,0.0,135812
3,2013Q4,0.0,135812
4,2014Q1,0.0,135812
5,2014Q2,0.0,135812
6,2014Q3,0.0,135812
7,2014Q4,0.0,135812
8,2015Q1,0.0,135812
9,2015Q2,0.0,135812
10,2015Q3,0.0,135812
11,2015Q4,-0.0191664125534,135812
12,2016Q1,-0.283108200863,135812
13,2016Q2,-0.406129325504,135812
14,2016Q3,0.145537414288,135812
15,2016Q4,-0.498018837193,135812
16,2017Q1,-0.338190578349,135812
17,2017Q2,-0.0432628743255,135812
18,2017Q3,-0.512436327688,135812
19,2017Q4,0.0441556013061,135812
0,2013Q1,-0.160465780984,100475
1,2013Q2,-0.143252937122,100475
2,2013Q3,-0.0714153858086,100475
3,2013Q4,0.288123092697,100475
4,2014Q1,0.0508775139498,100475
5,2014Q2,0.507018242107,100475
6,2014Q3,0.512199459372,100475
7,2014Q4,0.22141902541,100475
8,2015Q1,0.340939164694,100475
9,2015Q2,-0.199615644045,100475
10,2015Q3,0.0117869266287,100475
11,2015Q4,-0.245779799022,100475
12,2016Q1,-0.430589925203,100475
13,2016Q2,0.254498578088,100475
14,2016Q3,0.408066960699,100475
15,2016Q4,-0.224578318276,100475
16,2017Q1,0.0986167809017,100475
17,2017Q2,0.333693295236,100475
18,2017Q3,0.187674170091,100475
19,2017Q4,0.108136925371,100475
0,2013Q1,-0.109128230405,120576
1,2013Q2,0.165537404183,120576
2,2013Q3,0.0292435905485,120576
3,2013Q4,-0.0510728213211,120576
4,2014Q1,-0.0185543287161,120576
5,2014Q2,0.163515732179,120576
6,2014Q3,0.253726401366,120576
7,2014Q4,0.249141216314,120576
8,2015Q1,0.152735759063,120576
9,2015Q2,-0.157810946909,120576
10,2015Q3,0.028051102317,120576
11,2015Q4,0.0258013352599,120576
12,2016Q1,-0.201786674172,120576
13,2016Q2,0.153492369052,120576
14,2016Q3,0.300493117413,120576
15,2016Q4,-0.24293201916,120576
16,2017Q1,0.134013637886,120576
17,2017Q2,0.346105913183,120576
18,2017Q3,0.107682757084,120576
19,2017Q4,0.255316867595,120576
0,2013Q1,-0.113499786438,103616
1,2013Q2,-0.127291635742,103616
2,2013Q3,-0.302644703685,103616
3,2013Q4,0.377896137467,103616
4,2014Q1,0.073762038032,103616
5,2014Q2,-0.0324083491269,103616
6,2014Q3,0.712313692482,103616
7,2014Q4,0.343083510251,103616
8,2015Q1,0.404747362208,103616
9,2015Q2,-0.0504050184739,103616
10,2015Q3,-0.605772241741,103616
11,2015Q4,-0.276163999562,103616
12,2016Q1,-0.328719361773,103616
13,2016Q2,0.335289556437,103616
14,2016Q3,0.384244286145,103616
15,2016Q4,-0.483158738515,103616
16,2017Q1,0.0874264428345,103616
17,2017Q2,0.360648010369,103616
18,2017Q3,0.190947419292,103616
19,2017Q4,0.100265145764,103616
0,2013Q1,-0.103703431036,104523
1,2013Q2,-0.180060213637,104523
2,2013Q3,-0.312323166742,104523
3,2013Q4,0.357044933454,104523
4,2014Q1,0.0660238902696,104523
5,2014Q2,0.699254015383,104523
6,2014Q3,0.64661701257,104523
7,2014Q4,0.363283656364,104523
8,2015Q1,0.386304071635,104523
9,2015Q2,-0.213407002754,104523
10,2015Q3,-0.0516154907633,104523
11,2015Q4,-0.159246787762,104523
12,2016Q1,-0.462876608708,104523
13,2016Q2,0.350361138867,104523
14,2016Q3,0.510109981131,104523
15,2016Q4,-0.228574617454,104523
16,2017Q1,-0.00886878084573,104523
17,2017Q2,0.359543691901,104523
18,2017Q3,0.15727819885,104523
19,2017Q4,0.0712746862908,104523
0,2013Q1,0.0,135810
1,2013Q2,0.0,135810
2,2013Q3,0.0,135810
3,2013Q4,0.0,135810
4,2014Q1,0.0,135810
5,2014Q2,0.0,135810
6,2014Q3,0.0,135810
7,2014Q4,0.0,135810
8,2015Q1,0.0,135810
9,2015Q2,0.0,135810
10,2015Q3,0.0,135810
11,2015Q4,-0.017433239476,135810
12,2016Q1,-0.244629593395,135810
13,2016Q2,-0.344461540859,135810
14,2016Q3,0.158834058852,135810
15,2016Q4,-0.425394722028,135810
16,2017Q1,-0.280128883532,135810
17,2017Q2,-0.0150756674091,135810
18,2017Q3,-0.444388516248,135810
19,2017Q4,0.0671550515566,135810
0,2013Q1,-0.122860162203,100645
1,2013Q2,-0.0976496873128,100645
2,2013Q3,-0.236477212521,100645
3,2013Q4,-0.0510200790193,100645
4,2014Q1,-0.0185584935113,100645
5,2014Q2,0.163489819904,100645
6,2014Q3,0.253761287422,100645
7,2014Q4,0.24916747898,100645
8,2015Q1,0.152763194145,100645
9,2015Q2,-0.370975426935,100645
10,2015Q3,-0.344460610163,100645
11,2015Q4,0.0258274397901,100645
12,2016Q1,-0.201772808594,100645
13,2016Q2,0.153542987043,100645
14,2016Q3,0.30049187601,100645
15,2016Q4,-0.242955072992,100645
16,2017Q1,0.133989737696,100645
17,2017Q2,0.346095027932,100645
18,2017Q3,0.107663028537,100645
19,2017Q4,0.255303431733,100645
0,2013Q1,-0.166205652767,103174
1,2013Q2,-0.147726448575,103174
2,2013Q3,-0.218387256557,103174
3,2013Q4,0.42840663996,103174
4,2014Q1,0.0961805774402,103174
5,2014Q2,0.787279512536,103174
6,2014Q3,0.606278978813,103174
7,2014Q4,0.319216787418,103174
8,2015Q1,0.373139061208,103174
9,2015Q2,-0.200121111616,103174
10,2015Q3,-0.0512479012983,103174
11,2015Q4,-0.232320889953,103174
12,2016Q1,-0.421796664895,103174
13,2016Q2,0.337659880929,103174
14,2016Q3,0.529673755295,103174
15,2016Q4,-0.219341341355,103174
16,2017Q1,0.166802840086,103174
17,2017Q2,0.369064976164,103174
18,2017Q3,0.237806518889,103174
19,2017Q4,0.0889587949248,103174
0,2013Q1,0.0,140448
1,2013Q2,0.0,140448
2,2013Q3,0.0,140448
3,2013Q4,0.0,140448
4,2014Q1,0.0,140448
5,2014Q2,0.0,140448
6,2014Q3,0.0,140448
7,2014Q4,0.0,140448
8,2015Q1,0.0,140448
9,2015Q2,0.0,140448
10,2015Q3,0.0,140448
11,2015Q4,0.0,140448
12,2016Q1,0.0,140448
13,2016Q2,0.0,140448
14,2016Q3,0.0,140448
15,2016Q4,0.0,140448
16,2017Q1,0.151014903831,140448
17,2017Q2,0.235185929333,140448
18,2017Q3,0.137269105291,140448
19,2017Q4,0.156484639483,140448
0,2013Q1,,120577
1,2013Q2,,120577
2,2013Q3,0.607657991934,120577
3,2013Q4,0.50896517757,120577
4,2014Q1,0.336727286248,120577
5,2014Q2,-0.221922797406,120577
6,2014Q3,0.526539811803,120577
7,2014Q4,0.343169181582,120577
8,2015Q1,0.275226025284,120577
9,2015Q2,-0.308005346883,120577
10,2015Q3,-0.0390112221084,120577
11,2015Q4,-0.0228279680513,120577
12,2016Q1,-0.208754447065,120577
13,2016Q2,0.0763411696952,120577
14,2016Q3,-0.0741951784956,120577
15,2016Q4,-0.250379814127,120577
16,2017Q1,0.0170213969418,120577
17,2017Q2,-0.134286356628,120577
18,2017Q3,-0.0102694311843,120577
19,2017Q4,0.189973011941,120577
0,2013Q1,-0.203116772606,120665
1,2013Q2,-0.079615425537,120665
2,2013Q3,-0.112952257818,120665
3,2013Q4,0.198393591968,120665
4,2014Q1,0.091325267463,120665
5,2014Q2,0.441718011185,120665
6,2014Q3,0.491441151369,120665
7,2014Q4,0.263131171761,120665
8,2015Q1,0.312826630474,120665
9,2015Q2,-0.12585815809,120665
10,2015Q3,-0.0287454424111,120665
11,2015Q4,-0.208620235876,120665
12,2016Q1,-0.412903800637,120665
13,2016Q2,0.248616873963,120665
14,2016Q3,0.334381051302,120665
15,2016Q4,-0.178394017668,120665
16,2017Q1,0.129696437647,120665
17,2017Q2,0.345223749705,120665
18,2017Q3,0.118630366569,120665
19,2017Q4,0.165792774908,120665
0,2013Q1,-0.191187765076,102000
1,2013Q2,-0.210076810903,102000
2,2013Q3,-0.398520747181,102000
3,2013Q4,0.40077452641,102000
4,2014Q1,0.107944737037,102000
5,2014Q2,0.850540878466,102000
6,2014Q3,0.505082403171,102000
7,2014Q4,0.216479733063,102000
8,2015Q1,0.111633045214,102000
9,2015Q2,-0.253003640321,102000
10,2015Q3,-0.106265452314,102000
11,2015Q4,-0.204597866646,102000
12,2016Q1,-0.57283812222,102000
13,2016Q2,0.346846251591,102000
14,2016Q3,0.486082570672,102000
15,2016Q4,-0.0750943420745,102000
16,2017Q1,0.191677531452,102000
17,2017Q2,0.331786298288,102000
18,2017Q3,0.124274133893,102000
19,2017Q4,0.139512626078,102000
0,2013Q1,0.0,135800
1,2013Q2,0.0,135800
2,2013Q3,0.0,135800
3,2013Q4,0.0,135800
4,2014Q1,0.0,135800
5,2014Q2,0.0,135800
6,2014Q3,0.0,135800
7,2014Q4,0.0,135800
8,2015Q1,0.0,135800
9,2015Q2,0.0,135800
10,2015Q3,0.0,135800
11,2015Q4,-0.0101879581086,135800
12,2016Q1,-0.0464410765275,135800
13,2016Q2,0.0705954229833,135800
14,2016Q3,-0.253943979431,135800
15,2016Q4,-0.248347009764,135800
16,2017Q1,0.0391348062496,135800
17,2017Q2,-0.0551629282325,135800
18,2017Q3,0.0801063897919,135800
19,2017Q4,0.234435554293,135800
0,2013Q1,-0.312570954449,102001
1,2013Q2,-0.547114267261,102001
2,2013Q3,-0.398487854178,102001
3,2013Q4,0.400783177582,102001
4,2014Q1,-0.0195960943073,102001
5,2014Q2,0.515660308989,102001
6,2014Q3,0.505040832761,102001
7,2014Q4,0.216475707505,102001
8,2015Q1,0.00242955331583,102001
9,2015Q2,-0.574057779398,102001
10,2015Q3,-0.106261179411,102001
11,2015Q4,-0.204601660199,102001
12,2016Q1,-0.6957749163,102001
13,2016Q2,0.0702033872448,102001
14,2016Q3,0.486068078918,102001
15,2016Q4,-0.0750912506558,102001
16,2017Q1,0.0880526283153,102001
17,2017Q2,0.00857716194399,102001
18,2017Q3,0.124271399425,102001
19,2017Q4,0.139512927904,102001
0,2013Q1,-0.229864126604,115242
1,2013Q2,-0.290452642651,115242
2,2013Q3,-0.0128401081591,115242
3,2013Q4,0.182616296898,115242
4,2014Q1,-0.0583232461802,115242
5,2014Q2,0.329507212675,115242
6,2014Q3,-0.164070926529,115242
7,2014Q4,-0.0353727269194,115242
8,2015Q1,0.132988270588,115242
9,2015Q2,-0.278034333605,115242
10,2015Q3,-0.166413044749,115242
11,2015Q4,-0.262472175343,115242
12,2016Q1,-0.271900955333,115242
13,2016Q2,0.243299825521,115242
14,2016Q3,0.270173002625,115242
15,2016Q4,-0.626967101695,115242
16,2017Q1,-0.233173467235,115242
17,2017Q2,-0.0165351560187,115242
18,2017Q3,-0.155133968302,115242
19,2017Q4,0.0599476849411,115242
0,2013Q1,0.267987805381,103167
1,2013Q2,-0.251997852434,103167
2,2013Q3,0.56031515846,103167
3,2013Q4,0.268061798525,103167
4,2014Q1,0.241080783614,103167
5,2014Q2,-0.154938604129,103167
6,2014Q3,0.386877008162,103167
7,2014Q4,-0.0488691312103,103167
8,2015Q1,0.229294345202,103167
9,2015Q2,-0.238691176152,103167
10,2015Q3,-0.211420176636,103167
11,2015Q4,-0.0718707614284,103167
12,2016Q1,-0.221654829533,103167
13,2016Q2,0.175314402127,103167
14,2016Q3,-0.377090017737,103167
15,2016Q4,-0.288782954843,103167
16,2017Q1,0.068386944121,103167
17,2017Q2,-0.0470672606121,103167
18,2017Q3,-0.0806937762786,103167
19,2017Q4,0.204367189689,103167
0,2013Q1,-0.198596543216,100644
1,2013Q2,0.325446227956,100644
2,2013Q3,0.227115015089,100644
3,2013Q4,0.45481586981,100644
4,2014Q1,0.434350892638,100644
5,2014Q2,0.0916777626113,100644
6,2014Q3,1.22165820579,100644
7,2014Q4,0.705639695938,100644
8,2015Q1,0.0857625981414,100644
9,2015Q2,0.278350085459,100644
10,2015Q3,0.251537617125,100644
11,2015Q4,0.0541722601866,100644
12,2016Q1,-0.596034648397,100644
13,2016Q2,-0.18197077178,100644
14,2016Q3,0.234249023903,100644
15,2016Q4,-0.329836016678,100644
16,2017Q1,-0.256143045948,100644
17,2017Q2,-0.386784410381,100644
18,2017Q3,-0.331890646368,100644
19,2017Q4,0.0656563294111,100644
0,2013Q1,-0.254303989608,100807
1,2013Q2,0.294844085462,100807
2,2013Q3,0.206123122932,100807
3,2013Q4,0.309355262876,100807
4,2014Q1,0.300015318093,100807
5,2014Q2,0.0461314027942,100807
6,2014Q3,0.948510657745,100807
7,2014Q4,0.525584231354,100807
8,2015Q1,0.409928787976,100807
9,2015Q2,0.191792287575,100807
10,2015Q3,0.0979319583492,100807
11,2015Q4,-0.183351359724,100807
12,2016Q1,-0.50697610764,100807
13,2016Q2,-0.210919534703,100807
14,2016Q3,0.306206959139,100807
15,2016Q4,-0.278816247275,100807
16,2017Q1,-0.238916337837,100807
17,2017Q2,-0.253354270855,100807
18,2017Q3,-0.222718474964,100807
19,2017Q4,0.0984173640504,100807
0,2013Q1,-0.254054198586,118759
1,2013Q2,0.138009435174,118759
2,2013Q3,0.0501591684714,118759
3,2013Q4,0.244614222608,118759
4,2014Q1,0.372061909303,118759
5,2014Q2,0.0952874217611,118759
6,2014Q3,0.659381307963,118759
7,2014Q4,0.484689032087,118759
8,2015Q1,0.216101978088,118759
9,2015Q2,0.0444371502689,118759
10,2015Q3,0.26643784838,118759
11,2015Q4,0.0867366587098,118759
12,2016Q1,-0.417829425467,118759
13,2016Q2,-0.189012186366,118759
14,2016Q3,0.227304565437,118759
15,2016Q4,-0.055742533,118759
16,2017Q1,-0.25690258183,118759
17,2017Q2,-0.214620639863,118759
18,2017Q3,-0.0977111662736,118759
19,2017Q4,0.192843178088,118759
0,2013Q1,0.0,140452
1,2013Q2,0.0,140452
2,2013Q3,0.0,140452
3,2013Q4,0.0,140452
4,2014Q1,0.0,140452
5,2014Q2,0.0,140452
6,2014Q3,0.0,140452
7,2014Q4,0.0,140452
8,2015Q1,0.0,140452
9,2015Q2,0.0,140452
10,2015Q3,0.0,140452
11,2015Q4,0.0,140452
12,2016Q1,0.0,140452
13,2016Q2,0.0,140452
14,2016Q3,0.0,140452
15,2016Q4,0.0,140452
16,2017Q1,0.150397214725,140452
17,2017Q2,0.232139603727,140452
18,2017Q3,0.13274654305,140452
19,2017Q4,0.151637126793,140452
0,2013Q1,0.0,132997
1,2013Q2,0.0,132997
2,2013Q3,0.0,132997
3,2013Q4,0.0,132997
4,2014Q1,0.0,132997
5,2014Q2,0.0,132997
6,2014Q3,0.0,132997
7,2014Q4,,132997
8,2015Q1,,132997
9,2015Q2,,132997
10,2015Q3,,132997
11,2015Q4,,132997
12,2016Q1,,132997
13,2016Q2,,132997
14,2016Q3,,132997
15,2016Q4,,132997
16,2017Q1,,132997
17,2017Q2,,132997
18,2017Q3,,132997
19,2017Q4,,132997
0,2013Q1,-0.285203221542,120663
1,2013Q2,-0.216154559146,120663
2,2013Q3,-0.194242306423,120663
3,2013Q4,0.34130049018,120663
4,2014Q1,0.129755574485,120663
5,2014Q2,0.637002170102,120663
6,2014Q3,0.603052886818,120663
7,2014Q4,0.388117507053,120663
8,2015Q1,0.30184791392,120663
9,2015Q2,-0.25786151415,120663
10,2015Q3,-0.104157889637,120663
11,2015Q4,-0.214840538333,120663
12,2016Q1,-0.48110822981,120663
13,2016Q2,0.281779977204,120663
14,2016Q3,0.289351677935,120663
15,2016Q4,-0.325320423543,120663
16,2017Q1,0.090409646935,120663
17,2017Q2,0.316801157205,120663
18,2017Q3,0.0373016076891,120663
19,2017Q4,0.0937900209981,120663
0,2013Q1,0.0,133860
1,2013Q2,0.0,133860
2,2013Q3,0.0,133860
3,2013Q4,0.0,133860
4,2014Q1,0.0,133860
5,2014Q2,0.0,133860
6,2014Q3,0.0,133860
7,2014Q4,0.0,133860
8,2015Q1,-0.224281667654,133860
9,2015Q2,-0.560076984588,133860
10,2015Q3,-0.151442388444,133860
11,2015Q4,-0.278543073071,133860
12,2016Q1,-0.619378542995,133860
13,2016Q2,0.859475472069,133860
14,2016Q3,1.06575605439,133860
15,2016Q4,-0.19903151584,133860
16,2017Q1,0.145627240896,133860
17,2017Q2,0.807880892794,133860
18,2017Q3,0.505658040555,133860
19,2017Q4,0.0313305316552,133860
0,2013Q1,0.0,135807
1,2013Q2,0.0,135807
2,2013Q3,0.0,135807
3,2013Q4,0.0,135807
4,2014Q1,0.0,135807
5,2014Q2,0.0,135807
6,2014Q3,0.0,135807
7,2014Q4,0.0,135807
8,2015Q1,0.0,135807
9,2015Q2,0.0,135807
10,2015Q3,0.0,135807
11,2015Q4,-0.017433239476,135807
12,2016Q1,-0.244629593395,135807
13,2016Q2,-0.344461540859,135807
14,2016Q3,0.158834058852,135807
15,2016Q4,-0.425394722028,135807
16,2017Q1,-0.280129639468,135807
17,2017Q2,-0.0150749156374,135807
18,2017Q3,-0.444388516248,135807
19,2017Q4,0.0671550515566,135807
0,2013Q1,-0.448265670057,109445
1,2013Q2,-0.267368343183,109445
2,2013Q3,-1.11057320344,109445
3,2013Q4,0.612395774542,109445
4,2014Q1,-0.019566268587,109445
5,2014Q2,1.76490892538,109445
6,2014Q3,0.828416517943,109445
7,2014Q4,0.678757792932,109445
8,2015Q1,0.644126064397,109445
9,2015Q2,-0.441094594033,109445
10,2015Q3,0.0792900886328,109445
11,2015Q4,-0.506091290657,109445
12,2016Q1,-0.965515672615,109445
13,2016Q2,0.818469879624,109445
14,2016Q3,1.41462953642,109445
15,2016Q4,-0.0570730777412,109445
16,2017Q1,0.391702091775,109445
17,2017Q2,0.986001419416,109445
18,2017Q3,0.447133995726,109445
19,2017Q4,0.0248337276072,109445
0,2013Q1,-0.186410868197,119528
1,2013Q2,-0.132769871034,119528
2,2013Q3,-0.197517832162,119528
3,2013Q4,0.422758387563,119528
4,2014Q1,0.100159877365,119528
5,2014Q2,0.765119551991,119528
6,2014Q3,0.591809917428,119528
7,2014Q4,0.317537445958,119528
8,2015Q1,0.368906814999,119528
9,2015Q2,-0.179010711796,119528
10,2015Q3,-0.036803248255,119528
11,2015Q4,-0.20974144559,119528
12,2016Q1,-0.389117069676,119528
13,2016Q2,0.337996484385,119528
14,2016Q3,0.51893946193,119528
15,2016Q4,-0.197459296122,119528
16,2017Q1,0.173064190009,119528
17,2017Q2,0.36759413554,119528
18,2017Q3,0.243033362123,119528
19,2017Q4,0.100820896589,119528
0,2013Q1,-0.234625446397,119572
1,2013Q2,-0.248492058335,119572
2,2013Q3,-0.00734748358101,119572
3,2013Q4,0.162146544643,119572
4,2014Q1,-0.0453265381779,119572
5,2014Q2,0.324551352088,119572
6,2014Q3,0.256323022601,119572
7,2014Q4,0.0393605690967,119572
8,2015Q1,0.125017455675,119572
9,2015Q2,-0.231366721451,119572
10,2015Q3,-0.135455300811,119572
11,2015Q4,-0.217488626144,119572
12,2016Q1,-0.226864894828,119572
13,2016Q2,0.220219017266,119572
14,2016Q3,0.301271319444,119572
15,2016Q4,-0.308757301049,119572
16,2017Q1,0.0502531492383,119572
17,2017Q2,0.203381341309,119572
18,2017Q3,0.0915084487177,119572
19,2017Q4,0.0962696777614,119572
0,2013Q1,-0.477412612695,120245
1,2013Q2,-0.234586881958,120245
2,2013Q3,-1.00774328765,120245
3,2013Q4,0.577082045963,120245
4,2014Q1,-0.00707507739284,120245
5,2014Q2,1.63400091917,120245
6,2014Q3,0.774136878469,120245
7,2014Q4,0.63796376172,120245
8,2015Q1,0.550000292948,120245
9,2015Q2,-0.507966102304,120245
10,2015Q3,0.091559542323,120245
11,2015Q4,-0.446125621398,120245
12,2016Q1,-0.86888528986,120245
13,2016Q2,0.771560698095,120245
14,2016Q3,1.3198550759,120245
15,2016Q4,-0.0318079878118,120245
16,2017Q1,0.214792900189,120245
17,2017Q2,0.636420981764,120245
18,2017Q3,0.43443111064,120245
19,2017Q4,0.0456433082413,120245
0,2013Q1,0.0,135794
1,2013Q2,0.0,135794
2,2013Q3,0.0,135794
3,2013Q4,0.0,135794
4,2014Q1,0.0,135794
5,2014Q2,0.0,135794
6,2014Q3,0.0,135794
7,2014Q4,0.0,135794
8,2015Q1,0.0,135794
9,2015Q2,0.0,135794
10,2015Q3,0.0,135794
11,2015Q4,-0.0509131284718,135794
12,2016Q1,-1.16222896302,135794
13,2016Q2,1.87747642466,135794
14,2016Q3,2.80564933723,135794
15,2016Q4,-0.563312138524,135794
16,2017Q1,0.976947811506,135794
17,2017Q2,2.57520195799,135794
18,2017Q3,1.60420413321,135794
19,2017Q4,-0.231728680029,135794
0,2013Q1,-0.18334718938,119782
1,2013Q2,0.317399391506,119782
2,2013Q3,0.225816336014,119782
3,2013Q4,0.439984077932,119782
4,2014Q1,0.417240310561,119782
5,2014Q2,0.0882145690516,119782
6,2014Q3,1.16713281286,119782
7,2014Q4,0.681139913276,119782
8,2015Q1,0.504195100274,119782
9,2015Q2,0.480814510257,119782
10,2015Q3,0.253132545159,119782
11,2015Q4,0.0687972073073,119782
12,2016Q1,-0.54346794009,119782
13,2016Q2,-0.153457405892,119782
14,2016Q3,0.240417216569,119782
15,2016Q4,-0.292989606746,119782
16,2017Q1,-0.22514004941,119782
17,2017Q2,-0.348097492871,119782
18,2017Q3,-0.296528230333,119782
19,2017Q4,0.0803335873704,119782
0,2013Q1,-0.220627317634,100352
1,2013Q2,0.272893800095,100352
2,2013Q3,0.0654865165115,100352
3,2013Q4,-0.0450673590401,100352
4,2014Q1,-0.00488836440189,100352
5,2014Q2,0.212330909458,100352
6,2014Q3,0.319255820115,100352
7,2014Q4,0.459965694616,100352
8,2015Q1,0.365042484721,100352
9,2015Q2,-0.164409107467,100352
10,2015Q3,-0.0196744249674,100352
11,2015Q4,-0.035761925431,100352
12,2016Q1,-0.381902938453,100352
13,2016Q2,0.258085245383,100352
14,2016Q3,0.451872080652,100352
15,2016Q4,-0.407423628291,100352
16,2017Q1,0.197978658282,100352
17,2017Q2,0.479382799836,100352
18,2017Q3,0.202385522586,100352
19,2017Q4,0.103261432404,100352
0,2013Q1,-0.208984866449,115241
1,2013Q2,-0.263729249451,115241
2,2013Q3,-0.0118605072491,115241
3,2013Q4,0.16521707702,115241
4,2014Q1,-0.0529760472065,115241
5,2014Q2,0.29815962883,115241
6,2014Q3,0.271099952417,115241
7,2014Q4,0.0319092841834,115241
8,2015Q1,0.120735104128,115241
9,2015Q2,-0.25241479512,115241
10,2015Q3,-0.151204692707,115241
11,2015Q4,-0.238347818912,115241
12,2016Q1,-0.246875791326,115241
13,2016Q2,0.220887506197,115241
14,2016Q3,0.300034841665,115241
15,2016Q4,-0.33312978188,115241
16,2017Q1,0.042541820549,115241
17,2017Q2,0.20195098908,115241
18,2017Q3,0.0844696712459,115241
19,2017Q4,0.0846110597941,115241
0,2013Q1,0.0,133859
1,2013Q2,0.0,133859
2,2013Q3,0.0,133859
3,2013Q4,0.0,133859
4,2014Q1,0.0,133859
5,2014Q2,0.0,133859
6,2014Q3,0.0,133859
7,2014Q4,0.0,133859
8,2015Q1,-0.209207913416,133859
9,2015Q2,-0.517918127381,133859
10,2015Q3,-0.134587271275,133859
11,2015Q4,-0.252525519678,133859
12,2016Q1,-0.569147932096,133859
13,2016Q2,0.812994672243,133859
14,2016Q3,1.00546601324,133859
15,2016Q4,-0.170366462563,133859
16,2017Q1,0.155593233945,133859
17,2017Q2,0.77389277259,133859
18,2017Q3,0.491497328968,133859
19,2017Q4,0.0483372342663,133859
0,2013Q1,-0.245099413743,120782
1,2013Q2,0.294094091338,120782
2,2013Q3,0.208506121792,120782
3,2013Q4,0.307668380098,120782
4,2014Q1,0.298720745258,120782
5,2014Q2,0.0556535611333,120782
6,2014Q3,0.925558861498,120782
7,2014Q4,0.51783384785,120782
8,2015Q1,0.405681719676,120782
9,2015Q2,0.195946040856,120782
10,2015Q3,0.106447081662,120782
11,2015Q4,-0.163210380955,120782
12,2016Q1,-0.474838256825,120782
13,2016Q2,-0.190368649611,120782
14,2016Q3,0.307401268859,120782
15,2016Q4,-0.257428099433,120782
16,2017Q1,-0.219160266621,120782
17,2017Q2,-0.233171401714,120782
18,2017Q3,-0.201984152269,120782
19,2017Q4,0.10837608874,120782
0,2013Q1,0.231420492941,100363
1,2013Q2,-0.268563604176,100363
2,2013Q3,0.46018912603,100363
3,2013Q4,0.740083859394,100363
4,2014Q1,0.366241183321,100363
5,2014Q2,-0.177504299259,100363
6,2014Q3,0.482658057853,100363
7,2014Q4,0.257935130802,100363
8,2015Q1,0.204785408528,100363
9,2015Q2,-0.272724536921,100363
10,2015Q3,0.0939771782239,100363
11,2015Q4,-0.0296700013981,100363
12,2016Q1,-0.185999188548,100363
13,2016Q2,0.0784576006411,100363
14,2016Q3,-0.230455555472,100363
15,2016Q4,-0.172757385381,100363
16,2017Q1,0.0636225144252,100363
17,2017Q2,-0.0291740342778,100363
18,2017Q3,-0.0123458182106,100363
19,2017Q4,0.224209608642,100363
0,2013Q1,-0.198178181488,102823
1,2013Q2,0.325382855012,102823
2,2013Q3,0.227021678354,102823
3,2013Q4,0.45521947222,102823
4,2014Q1,0.43446536713,102823
5,2014Q2,0.0912930857066,102823
6,2014Q3,1.22104737542,102823
7,2014Q4,0.705698740612,102823
8,2015Q1,0.517237255296,102823
9,2015Q2,0.489615516545,102823
10,2015Q3,0.251748160057,102823
11,2015Q4,0.054234318857,102823
12,2016Q1,-0.596132217286,102823
13,2016Q2,-0.181989410335,102823
14,2016Q3,0.234288907141,102823
15,2016Q4,-0.329833884185,102823
16,2017Q1,-0.256174418118,102823
17,2017Q2,-0.38682096382,102823
18,2017Q3,-0.33216751612,102823
19,2017Q4,0.0656398538349,102823
0,2013Q1,-0.350518769002,119159
1,2013Q2,-0.395173467439,119159
2,2013Q3,-0.0588906770125,119159
3,2013Q4,0.283749494748,119159
4,2014Q1,-0.137140065352,119159
5,2014Q2,0.401667344837,119159
6,2014Q3,0.492858867835,119159
7,2014Q4,0.217439840367,119159
8,2015Q1,0.0130829249516,119159
9,2015Q2,-0.262552824832,119159
10,2015Q3,0.0319627443915,119159
11,2015Q4,-0.212320693061,119159
12,2016Q1,-0.418097111135,119159
13,2016Q2,0.0438269376502,119159
14,2016Q3,0.408369741463,119159
15,2016Q4,-0.192246473671,119159
16,2017Q1,-0.0716678923839,119159
17,2017Q2,0.102174023894,119159
18,2017Q3,0.198802231098,119159
19,2017Q4,0.122191415471,119159
0,2013Q1,0.0,125597
1,2013Q2,0.0,125597
2,2013Q3,0.0,125597
3,2013Q4,-0.0332099769306,125597
4,2014Q1,-0.0960048885159,125597
5,2014Q2,1.38327019403,125597
6,2014Q3,0.377846835304,125597
7,2014Q4,0.581447764075,125597
8,2015Q1,0.726335637916,125597
9,2015Q2,-0.311477683626,125597
10,2015Q3,0.0214413122242,125597
11,2015Q4,-0.3004180865,125597
12,2016Q1,-0.442454777306,125597
13,2016Q2,0.752882713496,125597
14,2016Q3,1.04548924098,125597
15,2016Q4,-0.285106661258,125597
16,2017Q1,0.281217427469,125597
17,2017Q2,0.722261192201,125597
18,2017Q3,0.503330946545,125597
19,2017Q4,0.0748613683486,125597
0,2013Q1,0.0,125598
1,2013Q2,0.0,125598
2,2013Q3,0.0,125598
3,2013Q4,-0.0331717106819,125598
4,2014Q1,-0.0959630818849,125598
5,2014Q2,1.07244578934,125598
6,2014Q3,-0.275693215084,125598
7,2014Q4,0.540438430291,125598
8,2015Q1,0.724665305362,125598
9,2015Q2,-0.311701152312,125598
10,2015Q3,0.0213116184136,125598
11,2015Q4,-0.300614362586,125598
12,2016Q1,-0.441709313177,125598
13,2016Q2,0.752577613276,125598
14,2016Q3,1.0441887709,125598
15,2016Q4,-0.284824668703,125598
16,2017Q1,0.280354833775,125598
17,2017Q2,0.720697875867,125598
18,2017Q3,0.502617535713,125598
19,2017Q4,0.0751567182353,125598
0,2013Q1,-0.183868314285,119018
1,2013Q2,-0.199108556034,119018
2,2013Q3,-0.3840241223,119018
3,2013Q4,0.399102635206,119018
4,2014Q1,0.112096321703,119018
5,2014Q2,0.83970248229,119018
6,2014Q3,0.501483425802,119018
7,2014Q4,0.219084217562,119018
8,2015Q1,0.116723337872,119018
9,2015Q2,-0.240795960422,119018
10,2015Q3,-0.0965289608917,119018
11,2015Q4,-0.192419938136,119018
12,2016Q1,-0.55332232232,119018
13,2016Q2,0.34741982231,119018
14,2016Q3,0.485229815849,119018
15,2016Q4,-0.0646111433662,119018
16,2017Q1,0.195905586922,119018
17,2017Q2,0.332880796868,119018
18,2017Q3,0.130346661496,119018
19,2017Q4,0.145337341016,119018
0,2013Q1,-0.113844688642,103504
1,2013Q2,-0.127257832751,103504
2,2013Q3,-0.302574098215,103504
3,2013Q4,0.377866217194,103504
4,2014Q1,0.162177905975,103504
5,2014Q2,0.607169231107,103504
6,2014Q3,0.712263442908,103504
7,2014Q4,0.343088516628,103504
8,2015Q1,0.404714799452,103504
9,2015Q2,-0.0504150967077,103504
10,2015Q3,0.00331385634987,103504
11,2015Q4,-0.15584348652,103504
12,2016Q1,-0.328730322473,103504
13,2016Q2,0.335232617857,103504
14,2016Q3,0.409477265717,103504
15,2016Q4,-0.221275533134,103504
16,2017Q1,0.0874551908308,103504
17,2017Q2,0.360670768718,103504
18,2017Q3,0.190955004397,103504
19,2017Q4,0.100279578205,103504
0,2013Q1,-0.103060366554,101295
1,2013Q2,-0.180096659259,101295
2,2013Q3,-0.312231940348,101295
3,2013Q4,0.356892253815,101295
4,2014Q1,0.0658498058502,101295
5,2014Q2,0.154398544962,101295
6,2014Q3,0.366689482091,101295
7,2014Q4,0.363236372202,101295
8,2015Q1,0.386265969318,101295
9,2015Q2,-1.01044541545,101295
10,2015Q3,-0.319825129513,101295
11,2015Q4,-0.159314495506,101295
12,2016Q1,-0.462856036796,101295
13,2016Q2,-0.296370351907,101295
14,2016Q3,0.224243625883,101295
15,2016Q4,-0.228653235868,101295
16,2017Q1,-0.00899862596066,101295
17,2017Q2,0.223632813165,101295
18,2017Q3,-0.0919627918012,101295
19,2017Q4,0.0712883805689,101295
0,2013Q1,-0.203880025053,120664
1,2013Q2,-0.0797584326429,120664
2,2013Q3,-0.128382931129,120664
3,2013Q4,-0.0667626381937,120664
4,2014Q1,0.0913341445658,120664
5,2014Q2,0.441724299766,120664
6,2014Q3,0.491441862229,120664
7,2014Q4,0.263136746485,120664
8,2015Q1,0.291909074744,120664
9,2015Q2,-0.483656828321,120664
10,2015Q3,-0.028747005639,120664
11,2015Q4,-0.208617853918,120664
12,2016Q1,-0.465261195461,120664
13,2016Q2,-0.0166672417835,120664
14,2016Q3,0.33438168103,120664
15,2016Q4,-0.178392137449,120664
16,2017Q1,0.115334413586,120664
17,2017Q2,0.0346183136643,120664
18,2017Q3,0.118628025418,120664
19,2017Q4,0.165792142347,120664
0,2013Q1,-0.2304554605,120662
1,2013Q2,-0.121187728972,120662
2,2013Q3,-0.194251415522,120662
3,2013Q4,0.341299840173,120662
4,2014Q1,0.129755658043,120662
5,2014Q2,0.691093789191,120662
6,2014Q3,0.693245272384,120662
7,2014Q4,0.388113151285,120662
8,2015Q1,0.301844013438,120662
9,2015Q2,-0.174143561795,120662
10,2015Q3,-0.0026080973887,120662
11,2015Q4,-0.214839359026,120662
12,2016Q1,-0.481107237048,120662
13,2016Q2,0.30274939222,120662
14,2016Q3,0.458271950711,120662
15,2016Q4,-0.325318761333,120662
16,2017Q1,0.0904114000905,120662
17,2017Q2,0.335457563835,120662
18,2017Q3,0.187619057467,120662
19,2017Q4,0.0937906639979,120662
0,2013Q1,-0.437219797361,120733
1,2013Q2,-0.215957654899,120733
2,2013Q3,-1.18444758693,120733
3,2013Q4,0.322895214005,120733
4,2014Q1,-0.0235315691577,120733
5,2014Q2,1.3096517373,120733
6,2014Q3,0.472940602572,120733
7,2014Q4,0.574760457908,120733
8,2015Q1,0.420333528147,120733
9,2015Q2,-0.419217639291,120733
10,2015Q3,-0.0671696585666,120733
11,2015Q4,-0.346691051069,120733
12,2016Q1,-0.759763169373,120733
13,2016Q2,0.701949406,120733
14,2016Q3,0.86534067122,120733
15,2016Q4,-0.160287793045,120733
16,2017Q1,0.225054787615,120733
17,2017Q2,0.663452942069,120733
18,2017Q3,0.41223420232,120733
19,2017Q4,0.0827966088799,120733
0,2013Q1,-0.120805584724,120586
1,2013Q2,-0.11714096698,120586
2,2013Q3,-0.0754060208765,120586
3,2013Q4,0.320345365261,120586
4,2014Q1,0.0573147490099,120586
5,2014Q2,0.521524923177,120586
6,2014Q3,0.456830827627,120586
7,2014Q4,0.235702147454,120586
8,2015Q1,0.212134905536,120586
9,2015Q2,-0.171537679901,120586
10,2015Q3,-0.0431046558606,120586
11,2015Q4,-0.142487927789,120586
12,2016Q1,-0.348569965763,120586
13,2016Q2,0.25021972684,120586
14,2016Q3,0.398325116425,120586
15,2016Q4,-0.117545598281,120586
16,2017Q1,0.160266742223,120586
17,2017Q2,0.247095764736,120586
18,2017Q3,0.196130180772,120586
19,2017Q4,0.171805813214,120586
0,2013Q1,0.236812312284,120539
1,2013Q2,-0.214980796263,120539
2,2013Q3,0.494260534958,120539
3,2013Q4,0.427280387724,120539
4,2014Q1,0.216193971099,120539
5,2014Q2,-0.128563318092,120539
6,2014Q3,0.404972640585,120539
7,2014Q4,0.186442696244,120539
8,2015Q1,0.208589140856,120539
9,2015Q2,-0.201071779464,120539
10,2015Q3,0.0471151647794,120539
11,2015Q4,0.0659084970699,120539
12,2016Q1,-0.186912994992,120539
13,2016Q2,0.15450710719,120539
14,2016Q3,-0.159777187647,120539
15,2016Q4,-0.165388553413,120539
16,2017Q1,0.0655580378151,120539
17,2017Q2,-0.0359357862328,120539
18,2017Q3,0.075045454168,120539
19,2017Q4,0.250669485172,120539
0,2013Q1,-0.222535970343,103309
1,2013Q2,-0.207250614869,103309
2,2013Q3,-0.186435408545,103309
3,2013Q4,0.492214509337,103309
4,2014Q1,0.122546082231,103309
5,2014Q2,0.809145551203,103309
6,2014Q3,0.591892575486,103309
7,2014Q4,0.329077917086,103309
8,2015Q1,0.302451642536,103309
9,2015Q2,-0.222143582187,103309
10,2015Q3,-0.0131728128542,103309
11,2015Q4,-0.199804650384,103309
12,2016Q1,-0.432997469638,103309
13,2016Q2,0.289606794417,103309
14,2016Q3,0.479204941796,103309
15,2016Q4,-0.178172425143,103309
16,2017Q1,0.192322475457,103309
17,2017Q2,0.322675840583,103309
18,2017Q3,0.24278715618,103309
19,2017Q4,0.103815451312,103309
0,2013Q1,-0.409791472336,102402
1,2013Q2,-0.24423485468,102402
2,2013Q3,-1.26351829724,102402
3,2013Q4,0.325556820526,102402
4,2014Q1,-0.0382227963634,102402
5,2014Q2,1.36744730375,102402
6,2014Q3,0.485164471398,102402
7,2014Q4,0.590648091642,102402
8,2015Q1,0.426960631356,102402
9,2015Q2,-0.457014012039,102402
10,2015Q3,-0.478166793506,102402
11,2015Q4,-0.505934027771,102402
12,2016Q1,-0.816146377269,102402
13,2016Q2,0.7245756569,102402
14,2016Q3,0.600999653438,102402
15,2016Q4,-0.41717892125,102402
16,2017Q1,0.220021710027,102402
17,2017Q2,0.681324610705,102402
18,2017Q3,0.416237539849,102402
19,2017Q4,0.0694776122034,102402
0,2013Q1,-0.408412945324,102401
1,2013Q2,-0.244165180503,102401
2,2013Q3,-1.2634595169,102401
3,2013Q4,0.325547755644,102401
4,2014Q1,-0.0382148457258,102401
5,2014Q2,1.36738258587,102401
6,2014Q3,0.485134579988,102401
7,2014Q4,0.590627847578,102401
8,2015Q1,0.426950712239,102401
9,2015Q2,-0.456992737883,102401
10,2015Q3,-0.0864126635347,102401
11,2015Q4,-0.381013149396,102401
12,2016Q1,-0.816119423307,102401
13,2016Q2,0.724502691032,102401
14,2016Q3,0.895233714978,102401
15,2016Q4,-0.186353487673,102401
16,2017Q1,0.220024404369,102401
17,2017Q2,0.681304261116,102401
18,2017Q3,0.416226455327,102401
19,2017Q4,0.069487392483,102401
0,2013Q1,-0.137371812134,119598
1,2013Q2,-0.116687532205,119598
2,2013Q3,-0.283810624888,119598
3,2013Q4,0.369358063909,119598
4,2014Q1,0.16280411396,119598
5,2014Q2,0.5904378618,119598
6,2014Q3,0.691614393474,119598
7,2014Q4,0.336525351531,119598
8,2015Q1,0.396771831603,119598
9,2015Q2,-0.036438492908,119598
10,2015Q3,0.0134432583924,119598
11,2015Q4,-0.136055931286,119598
12,2016Q1,-0.297597972048,119598
13,2016Q2,0.340720151083,119598
14,2016Q3,0.407426909616,119598
15,2016Q4,-0.197913187262,119598
16,2017Q1,0.0981663917978,119598
17,2017Q2,0.360680447898,119598
18,2017Q3,0.198520425623,119598
19,2017Q4,0.111362060043,119598
0,2013Q1,0.0,125595
1,2013Q2,0.0,125595
2,2013Q3,0.0,125595
3,2013Q4,-0.0353686890284,125595
4,2014Q1,-0.113990913194,125595
5,2014Q2,1.45812171475,125595
6,2014Q3,0.385241955966,125595
7,2014Q4,0.601054587792,125595
8,2015Q1,0.758074780545,125595
9,2015Q2,-0.347472733327,125595
10,2015Q3,0.00880178001506,125595
11,2015Q4,-0.329313707494,125595
12,2016Q1,-0.478060457716,125595
13,2016Q2,0.794049999707,125595
14,2016Q3,1.10067998908,125595
15,2016Q4,-0.317079655022,125595
16,2017Q1,0.283414666092,125595
17,2017Q2,0.748220144545,125595
18,2017Q3,0.514760433316,125595
19,2017Q4,0.0588688065922,125595
0,2013Q1,-0.101074022626,108466
1,2013Q2,-0.127036773424,108466
2,2013Q3,-0.0846533808864,108466
3,2013Q4,0.319317221749,108466
4,2014Q1,0.050199370369,108466
5,2014Q2,0.5245628847,108466
6,2014Q3,0.458470646936,108466
7,2014Q4,0.232511417371,108466
8,2015Q1,0.207212782823,108466
9,2015Q2,-0.184959930303,108466
10,2015Q3,-0.054533011264,108466
11,2015Q4,-0.157431418445,108466
12,2016Q1,-0.368003581942,108466
13,2016Q2,0.246107146777,108466
14,2016Q3,0.396434576776,108466
15,2016Q4,-0.131125364125,108466
16,2017Q1,0.153242640437,108466
17,2017Q2,0.244009549563,108466
18,2017Q3,0.190147813562,108466
19,2017Q4,0.165257059108,108466
0,2013Q1,-0.254618609199,100806
1,2013Q2,0.294799865646,100806
2,2013Q3,0.206146313343,100806
3,2013Q4,0.309359943505,100806
4,2014Q1,0.300010021443,100806
5,2014Q2,0.0461211799285,100806
6,2014Q3,0.948530187577,100806
7,2014Q4,0.525593404767,100806
8,2015Q1,0.409935117206,100806
9,2015Q2,0.191789078776,100806
10,2015Q3,0.0979266411558,100806
11,2015Q4,-0.183366074913,100806
12,2016Q1,-0.506989055348,100806
13,2016Q2,-0.210845122571,100806
14,2016Q3,0.306216744259,100806
15,2016Q4,-0.278824879072,100806
16,2017Q1,-0.238920295896,100806
17,2017Q2,-0.253360082788,100806
18,2017Q3,-0.222732109087,100806
19,2017Q4,0.0984109725293,100806
0,2013Q1,0.0,135795
1,2013Q2,0.0,135795
2,2013Q3,0.0,135795
3,2013Q4,0.0,135795
4,2014Q1,0.0,135795
5,2014Q2,0.0,135795
6,2014Q3,0.0,135795
7,2014Q4,0.0,135795
8,2015Q1,0.0,135795
9,2015Q2,0.0,135795
10,2015Q3,0.0,135795
11,2015Q4,-0.0101879581086,135795
12,2016Q1,-0.0464410765275,135795
13,2016Q2,0.0705954229833,135795
14,2016Q3,-0.253943979431,135795
15,2016Q4,-0.248347009764,135795
16,2017Q1,0.0391348062496,135795
17,2017Q2,-0.0551629282325,135795
18,2017Q3,0.0801063897919,135795
19,2017Q4,0.234435554293,135795
0,2013Q1,0.0,135790
1,2013Q2,0.0,135790
2,2013Q3,0.0,135790
3,2013Q4,0.0,135790
4,2014Q1,0.0,135790
5,2014Q2,0.0,135790
6,2014Q3,0.0,135790
7,2014Q4,0.0,135790
8,2015Q1,0.0,135790
9,2015Q2,0.0,135790
10,2015Q3,0.0,135790
11,2015Q4,-0.0509131284718,135790
12,2016Q1,-1.16222896302,135790
13,2016Q2,1.87747642466,135790
14,2016Q3,2.80564933723,135790
15,2016Q4,-0.563312138524,135790
16,2017Q1,0.976947811506,135790
17,2017Q2,2.57520195799,135790
18,2017Q3,1.60420413321,135790
19,2017Q4,-0.231728680029,135790
0,2013Q1,0.41694400129,100643
1,2013Q2,-0.294195996631,100643
2,2013Q3,0.198511062495,100643
3,2013Q4,0.230400390532,100643
4,2014Q1,0.336813837264,100643
5,2014Q2,-0.221842455393,100643
6,2014Q3,0.526273203564,100643
7,2014Q4,0.343109835344,100643
8,2015Q1,0.275093072912,100643
9,2015Q2,-0.346207566165,100643
10,2015Q3,-0.690759228684,100643
11,2015Q4,-0.0241605758202,100643
12,2016Q1,-0.208768020285,100643
13,2016Q2,0.0763021892199,100643
14,2016Q3,-0.0742423195916,100643
15,2016Q4,-0.250377278518,100643
16,2017Q1,0.0166602579814,100643
17,2017Q2,-0.133596038407,100643
18,2017Q3,-0.0105001357184,100643
19,2017Q4,0.18996968701,100643
0,2013Q1,-0.525459950833,102433
1,2013Q2,0.0855487806865,102433
2,2013Q3,0.0441113636535,102433
3,2013Q4,0.242566349503,102433
4,2014Q1,0.200073256851,102433
5,2014Q2,-0.100531947732,102433
6,2014Q3,0.664479856548,102433
7,2014Q4,0.486187448205,102433
8,2015Q1,-0.0440397036409,102433
9,2015Q2,-0.107521630844,102433
10,2015Q3,0.263743748813,102433
11,2015Q4,0.078658731285,102433
12,2016Q1,-0.546282666129,102433
13,2016Q2,-0.511902300954,102433
14,2016Q3,0.222431674545,102433
15,2016Q4,-0.0657126341228,102433
16,2017Q1,-0.396040760264,102433
17,2017Q2,-0.539276927057,102433
18,2017Q3,-0.108738142783,102433
19,2017Q4,0.186998887086,102433
0,2013Q1,0.0,135793
1,2013Q2,0.0,135793
2,2013Q3,0.0,135793
3,2013Q4,0.0,135793
4,2014Q1,0.0,135793
5,2014Q2,0.0,135793
6,2014Q3,0.0,135793
7,2014Q4,0.0,135793
8,2015Q1,0.0,135793
9,2015Q2,0.0,135793
10,2015Q3,0.0,135793
11,2015Q4,-0.0327450568093,135793
12,2016Q1,-0.720751073912,135793
13,2016Q2,1.26675041099,135793
14,2016Q3,1.86886037524,135793
15,2016Q4,-0.310178968628,135793
16,2017Q1,0.68191884236,135793
17,2017Q2,1.71778547904,135793
18,2017Q3,1.08851288233,135793
19,2017Q4,-0.102101758105,135793
0,2013Q1,0.0,135796
1,2013Q2,0.0,135796
2,2013Q3,0.0,135796
3,2013Q4,0.0,135796
4,2014Q1,0.0,135796
5,2014Q2,0.0,135796
6,2014Q3,0.0,135796
7,2014Q4,0.0,135796
8,2015Q1,0.0,135796
9,2015Q2,0.0,135796
10,2015Q3,0.0,135796
11,2015Q4,-0.0105074969889,135796
12,2016Q1,-0.0557647723672,135796
13,2016Q2,0.0574157528344,135796
14,2016Q3,-0.27577415054,135796
15,2016Q4,-0.2708460286,135796
16,2017Q1,0.0250691710076,135796
17,2017Q2,-0.0736187571924,135796
18,2017Q3,0.066249106128,135796
19,2017Q4,0.224974799192,135796
0,2013Q1,-0.477147018417,120244
1,2013Q2,-0.234513934596,120244
2,2013Q3,-1.00794066137,120244
3,2013Q4,0.576099333134,120244
4,2014Q1,-0.00653127414445,120244
5,2014Q2,1.63282338449,120244
6,2014Q3,0.774423920743,120244
7,2014Q4,0.637956609172,120244
8,2015Q1,0.609239508328,120244
9,2015Q2,-0.387432420676,120244
10,2015Q3,0.0915626097901,120244
11,2015Q4,-0.44627699018,120244
12,2016Q1,-0.868786858264,120244
13,2016Q2,0.771548701934,120244
14,2016Q3,1.31964198234,120244
15,2016Q4,-0.0316006858158,120244
16,2017Q1,0.382346064502,120244
17,2017Q2,0.929144029753,120244
18,2017Q3,0.434389138761,120244
19,2017Q4,0.0457117827616,120244
0,2013Q1,0.234286901069,103168
1,2013Q2,-0.221849110893,103168
2,2013Q3,0.495533463726,103168
3,2013Q4,0.42768232706,103168
4,2014Q1,0.212697458096,103168
5,2014Q2,-0.136593101034,103168
6,2014Q3,0.400068618423,103168
7,2014Q4,0.180204611511,103168
8,2015Q1,0.201886888697,103168
9,2015Q2,-0.210312274794,103168
10,2015Q3,0.0443662195079,103168
11,2015Q4,0.0617399223941,103168
12,2016Q1,-0.195363133525,103168
13,2016Q2,0.154342477072,103168
14,2016Q3,-0.168228221667,103168
15,2016Q4,-0.174113920548,103168
16,2017Q1,0.0602721986426,103168
17,2017Q2,-0.0416788051816,103168
18,2017Q3,0.0693486401091,103168
19,2017Q4,0.246583179987,103168
0,2013Q1,0.0941690053161,115294
1,2013Q2,-0.486737234967,115294
2,2013Q3,0.46010789102,115294
3,2013Q4,0.739961549571,115294
4,2014Q1,0.267780765185,115294
5,2014Q2,-0.327062882061,115294
6,2014Q3,0.482529394634,115294
7,2014Q4,0.257639844032,115294
8,2015Q1,0.103580202866,115294
9,2015Q2,-0.47764365378,115294
10,2015Q3,0.0938331662277,115294
11,2015Q4,-0.0296573244743,115294
12,2016Q1,-0.263751134871,115294
13,2016Q2,-0.0248193544505,115294
14,2016Q3,-0.230397282929,115294
15,2016Q4,-0.172820002661,115294
16,2017Q1,-0.0616563588507,115294
17,2017Q2,-0.248104994174,115294
18,2017Q3,-0.0123197593199,115294
19,2017Q4,0.22428228937,115294
0,2013Q1,,120578
1,2013Q2,,120578
2,2013Q3,0.607092193648,120578
3,2013Q4,0.507188224095,120578
4,2014Q1,0.336666812063,120578
5,2014Q2,-0.213784607874,120578
6,2014Q3,0.526793420262,120578
7,2014Q4,0.346955557729,120578
8,2015Q1,0.28006343267,120578
9,2015Q2,-0.289699159062,120578
10,2015Q3,-0.0268357443208,120578
11,2015Q4,-0.0115579828065,120578
12,2016Q1,-0.197156823424,120578
13,2016Q2,0.0818602652147,120578
14,2016Q3,-0.0652461482075,120578
15,2016Q4,-0.239890596434,120578
16,2017Q1,0.0204086826334,120578
17,2017Q2,-0.126683305468,120578
18,2017Q3,-0.00416961326131,120578
19,2017Q4,0.193838845261,120578
0,2013Q1,0.230101213591,120594
1,2013Q2,-0.258945131097,120594
2,2013Q3,0.458374227825,120594
3,2013Q4,0.735320757476,120594
4,2014Q1,0.36822022177,120594
5,2014Q2,-0.169414774498,120594
6,2014Q3,0.480509242343,120594
7,2014Q4,0.258800395033,120594
8,2015Q1,0.207496135144,120594
9,2015Q2,-0.26227700643,120594
10,2015Q3,0.10252311988,120594
11,2015Q4,-0.018983857726,120594
12,2016Q1,-0.174131395779,120594
13,2016Q2,0.083110753314,120594
14,2016Q3,-0.219617641464,120594
15,2016Q4,-0.162719448133,120594
16,2017Q1,0.0692183632693,120594
17,2017Q2,-0.026245207801,120594
18,2017Q3,-0.0048986668289,120594
19,2017Q4,0.22898212139,120594
0,2013Q1,-0.184207299992,119160
1,2013Q2,-0.132837924559,119160
2,2013Q3,-0.059897321025,119160
3,2013Q4,0.281564588356,119160
4,2014Q1,0.0578458558629,119160
5,2014Q2,0.490572798134,119160
6,2014Q3,0.494820690099,119160
7,2014Q4,0.217589239018,119160
8,2015Q1,0.340369631622,119160
9,2015Q2,-0.169696728378,119160
10,2015Q3,0.0319406964237,119160
11,2015Q4,-0.212417846909,119160
12,2016Q1,-0.388092759233,119160
13,2016Q2,0.263157932992,119160
14,2016Q3,0.408424626038,119160
15,2016Q4,-0.192273711718,119160
16,2017Q1,0.114473080266,119160
17,2017Q2,0.337739877698,119160
18,2017Q3,0.198785185867,119160
19,2017Q4,0.122152727101,119160
0,2013Q1,-0.126810005375,119709
1,2013Q2,-0.165119770291,119709
2,2013Q3,-0.29204795634,119709
3,2013Q4,0.352760672164,119709
4,2014Q1,0.0717694019264,119709
5,2014Q2,0.683020837628,119709
6,2014Q3,0.632064596724,119709
7,2014Q4,0.358670202172,119709
8,2015Q1,0.380905234593,119709
9,2015Q2,-0.192754577862,119709
10,2015Q3,-0.0381164932132,119709
11,2015Q4,-0.142155970179,119709
12,2016Q1,-0.435271953658,119709
13,2016Q2,0.34903993383,119709
14,2016Q3,0.504153027555,119709
15,2016Q4,-0.209052810019,119709
16,2017Q1,0.00198181086783,119709
17,2017Q2,0.358009464122,119709
18,2017Q3,0.164376803562,119709
19,2017Q4,0.0804528045339,119709
